idx,drugbank_id,drug_name,matched_name,resolution_method
0,DB00802,alfentanil,Alfentanil,exact_drugbank_text
1,DB00976,telithromycin,Telithromycin,exact_drugbank_text
2,DB06290,simeprevir,Simeprevir,exact_drugbank_text
3,DB00738,pentamidine isethionate,Pentamidine,manual_strip_salt
4,DB00859,penicillamine,Penicillamine,exact_drugbank_text
5,DB00709,lamivudine,Lamivudine,exact_drugbank_text
6,DB01076,atorvastatin,Atorvastatin,exact_drugbank_text
7,DB04953,retigabine,Ezogabine,manual_inn_usan_synonym
8,DB01202,levetiracetam,Levetiracetam,exact_drugbank_text
9,DB00548,azelaic acid,Azelaic acid,exact_drugbank_text
10,DB00972,azelastine,Azelastine,exact_drugbank_text
11,DB00993,azathioprine,Azathioprine,exact_drugbank_text
12,DB01558,bromazepam,Bromazepam,exact_drugbank_text
13,DB01223,aminophylline,Aminophylline,exact_drugbank_text
14,DB00603,medroxyprogesterone,Medroxyprogesterone acetate,core_match_drugbank_text
15,DB09072,sodium oxybate,Sodium oxybate,exact_drugbank_text
16,DB00932,tipranavir,Tipranavir,exact_drugbank_text
17,DB06480,prucalopride,Prucalopride,exact_drugbank_text
18,DB00906,tiagabine,Tiagabine,exact_drugbank_text
19,DB01018,guanfacine,Guanfacine,exact_drugbank_text
20,DB00658,sevelamer,Sevelamer,exact_drugbank_text
21,DB00708,sufentanil,Sufentanil,exact_drugbank_text
22,DB00565,cisatracurium,Cisatracurium,exact_drugbank_text
23,DB00671,cefixime,Cefixime,exact_drugbank_text
24,DB00251,terconazole,Terconazole,exact_drugbank_text
25,DB00615,rifabutin,Rifabutin,exact_drugbank_text
26,DB00104,octreotide,Octreotide,exact_drugbank_text
27,DB00950,fexofenadine,Fexofenadine,exact_drugbank_text
28,DB04572,thiotepa,Thiotepa,exact_drugbank_text
29,DB00049,rasburicase,Rasburicase,exact_drugbank_text
30,DB00813,fentanyl,Fentanyl,exact_drugbank_text
31,DB01046,lubiprostone,Lubiprostone,exact_drugbank_text
32,DB00992,methyl aminolevulinate,Methyl aminolevulinate,exact_drugbank_text
33,DB00656,trazodone,Trazodone,exact_drugbank_text
34,DB01262,decitabine,Decitabine,exact_drugbank_text
35,DB04855,dronedarone,Dronedarone,exact_drugbank_text
36,DB09096,benzoyl peroxide,Benzoyl peroxide,exact_drugbank_text
37,DB01254,dasatinib,Dasatinib,exact_drugbank_text
38,DB00047,insulin glargine,Insulin glargine,exact_drugbank_text
39,DB00705,delavirdine,Delavirdine,exact_drugbank_text
40,DB00820,tadalafil,Tadalafil,exact_drugbank_text
41,DB00862,vardenafil,Vardenafil,exact_drugbank_text
42,DB00691,moexipril,Moexipril,exact_drugbank_text
43,DB00888,chlormethine,Mechlorethamine,manual_uk_us_spelling
44,DB08864,rilpivirine,Rilpivirine,exact_drugbank_text
45,DB00857,terbinafine,Terbinafine,exact_drugbank_text
46,DB01042,melphalan,Melphalan,exact_drugbank_text
47,DB00299,penciclovir,Penciclovir,exact_drugbank_text
48,DB11750,clobetasol,Clobetasol,exact_drugbank_text
49,DB00528,lercanidipine,Lercanidipine,exact_drugbank_text
50,DB00762,irinotecan,Irinotecan,exact_drugbank_text
51,DB00476,duloxetine,Duloxetine,exact_drugbank_text
52,DB01409,tiotropium bromide,Tiotropium,manual_strip_salt
53,DB06217,vernakalant,Vernakalant,exact_drugbank_text
54,DB01029,irbesartan,Irbesartan,exact_drugbank_text
55,DB00332,ipratropium bromide,Ipratropium bromide,exact_sider_all_drugs
56,DB08916,afatinib,Afatinib,exact_drugbank_text
57,DB06756,betaine,Betaine,exact_drugbank_text
58,DB06230,nalmefene,Nalmefene,exact_drugbank_text
59,DB00731,nateglinide,Nateglinide,exact_drugbank_text
60,DB00254,doxycycline,Doxycycline,exact_drugbank_text
61,DB00063,eptifibatide,Eptifibatide,exact_drugbank_text
62,DB00303,ertapenem,Ertapenem,exact_drugbank_text
63,DB01088,iloprost,Iloprost,exact_drugbank_text
64,DB00960,pindolol,Pindolol,exact_drugbank_text
65,DB01132,pioglitazone,Pioglitazone,exact_drugbank_text
66,DB01181,ifosfamide,Ifosfamide,exact_drugbank_text
67,DB01590,everolimus,Everolimus,exact_drugbank_text
68,DB00458,imipramine,Imipramine,exact_drugbank_text
69,DB06212,tolvaptan,Tolvaptan,exact_drugbank_text
70,DB09101,elvitegravir,Elvitegravir,exact_drugbank_text
71,DB00811,ribavirin,Ribavirin,exact_drugbank_text
72,DB00496,darifenacin,Darifenacin,exact_drugbank_text
73,DB00394,beclometasone,Beclomethasone,manual_uk_us_spelling
74,DB00538,gadoversetamide,Gadoversetamide,exact_drugbank_text
75,DB01276,exenatide,Exenatide,exact_drugbank_text
76,DB08930,dolutegravir,Dolutegravir,exact_drugbank_text
77,DB06414,etravirine,Etravirine,exact_drugbank_text
78,DB01220,rifaximin,Rifaximin,exact_drugbank_text
79,DB00341,cetirizine,Cetirizine,exact_drugbank_text
80,DB01195,flecainide,Flecainide,exact_drugbank_text
81,DB00507,nitazoxanide,Nitazoxanide,exact_drugbank_text
82,DB00248,cabergoline,Cabergoline,exact_drugbank_text
83,DB00918,almotriptan,Almotriptan,exact_drugbank_text
84,DB06413,armodafinil,Armodafinil,exact_drugbank_text
85,DB06594,agomelatine,Agomelatine,exact_drugbank_text
86,DB01002,levobupivacaine,Levobupivacaine,exact_drugbank_text
87,DB00539,toremifene,Toremifene,exact_drugbank_text
88,DB00426,famciclovir,Famciclovir,exact_drugbank_text
89,DB00494,entacapone,Entacapone,exact_drugbank_text
90,DB09030,vorapaxar,Vorapaxar,exact_drugbank_text
91,DB00465,ketorolac,Ketorolac,exact_drugbank_text
92,DB00912,repaglinide,Repaglinide,exact_drugbank_text
93,DB01232,saquinavir,Saquinavir,exact_drugbank_text
94,DB00252,phenytoin,Phenytoin,exact_drugbank_text
95,DB00234,reboxetine,Reboxetine,exact_drugbank_text
96,DB00707,porfimer sodium,Porfimer sodium,exact_drugbank_text
97,DB01591,solifenacin,Solifenacin,exact_drugbank_text
98,DB01062,oxybutynin,Oxybutynin,exact_drugbank_text
99,DB00594,amiloride,Amiloride,exact_drugbank_text
100,DB06151,acetylcysteine,Acetylcysteine,exact_drugbank_text
101,DB00218,moxifloxacin,Moxifloxacin,exact_drugbank_text
102,DB05521,telaprevir,Telaprevir,exact_drugbank_text
103,DB01238,aripiprazole,Aripiprazole,exact_drugbank_text
104,DB08824,iodine ioflupane (123I),Ioflupane I 123,manual_radiopharmaceutical_name_variant
105,DB00323,tolcapone,Tolcapone,exact_drugbank_text
106,DB00310,chlortalidone,Chlorthalidone,manual_uk_us_spelling
107,DB00619,imatinib,Imatinib,exact_drugbank_text
108,DB00519,trandolapril,Trandolapril,exact_drugbank_text
109,DB00016,erythropoietin,Erythropoietin,exact_drugbank_text
110,DB01169,arsenic trioxide,Arsenic trioxide,exact_drugbank_text
111,DB01208,sparfloxacin,Sparfloxacin,exact_drugbank_text
112,DB06237,avanafil,Avanafil,exact_drugbank_text
113,DB00559,bosentan,Bosentan,exact_drugbank_text
114,DB09039,eliglustat,Eliglustat,exact_drugbank_text
115,DB04911,oritavancin,Oritavancin,exact_drugbank_text
116,DB01193,acebutolol,Acebutolol,exact_drugbank_text
117,DB08910,pomalidomide,Pomalidomide,exact_drugbank_text
118,DB00214,torasemide,Torasemide,exact_drugbank_text
119,DB08880,teriflunomide,Teriflunomide,exact_drugbank_text
120,DB00242,cladribine,Cladribine,exact_drugbank_text
121,DB01285,corticotropin,Corticotropin,exact_drugbank_text
122,DB00911,tinidazole,Tinidazole,exact_drugbank_text
123,DB00864,tacrolimus,Tacrolimus,exact_drugbank_text
124,DB00930,colesevelam,Colesevelam,exact_drugbank_text
125,DB00485,dicloxacillin,Dicloxacillin,exact_drugbank_text
126,DB00586,diclofenac,Diclofenac,exact_drugbank_text
127,DB00776,oxcarbazepine,Oxcarbazepine,exact_drugbank_text
128,DB08877,ruxolitinib,Ruxolitinib,exact_drugbank_text
129,DB09220,nicorandil,Nicorandil,exact_drugbank_text
130,DB00770,alprostadil,Alprostadil,exact_drugbank_text
131,DB08934,sofosbuvir,Sofosbuvir,exact_drugbank_text
132,DB00673,aprepitant,Aprepitant,exact_drugbank_text
133,DB08893,mirabegron,Mirabegron,exact_drugbank_text
134,DB01432,colestyramine,Cholestyramine,fuzzy_drugbank_text_0.963
135,DB01200,bromocriptine,Bromocriptine,exact_drugbank_text
136,DB04896,milnacipran,Milnacipran,exact_drugbank_text
137,DB00503,ritonavir,Ritonavir,exact_drugbank_text
138,DB00584,enalapril,Enalapril,exact_drugbank_text
139,DB04871,lorcaserin,Lorcaserin,exact_drugbank_text
140,DB00966,telmisartan,Telmisartan,exact_drugbank_text
141,DB06650,ofatumumab,Ofatumumab,exact_drugbank_text
142,DB08896,regorafenib,Regorafenib,exact_drugbank_text
143,DB08871,eribulin,Eribulin,exact_drugbank_text
144,DB01394,colchicine,Colchicine,exact_drugbank_text
145,DB00899,remifentanil,Remifentanil,exact_drugbank_text
146,DB00419,miglustat,Miglustat,exact_drugbank_text
147,DB00806,pentoxifylline,Pentoxifylline,exact_drugbank_text
148,,colestilan,,unresolved_missing_from_local_sources
149,DB00625,efavirenz,Efavirenz,exact_drugbank_text
150,DB01120,gliclazide,Gliclazide,exact_drugbank_text
151,DB00261,anagrelide,Anagrelide,exact_drugbank_text
152,DB01217,anastrozole,Anastrozole,exact_drugbank_text
153,DB00526,oxaliplatin,Oxaliplatin,exact_drugbank_text
154,DB00964,apraclonidine,Apraclonidine,exact_drugbank_text
155,DB01280,nelarabine,Nelarabine,exact_drugbank_text
156,DB00681,amphotericin B,Amphotericin B,exact_drugbank_text
157,DB00947,fulvestrant,Fulvestrant,exact_drugbank_text
158,DB00484,brimonidine,Brimonidine,exact_drugbank_text
159,DB08820,ivacaftor,Ivacaftor,exact_drugbank_text
160,DB00727,glyceryl trinitrate,Nitroglycerin,manual_synonym
161,DB08889,carfilzomib,Carfilzomib,exact_drugbank_text
162,DB08907,canagliflozin,Canagliflozin,exact_drugbank_text
163,DB00270,isradipine,Isradipine,exact_drugbank_text
164,DB00743,gadobenic acid,Gadobenic acid,exact_drugbank_text
165,DB14570,hydroxyprogesterone,Hydroxyprogesterone,exact_drugbank_text
166,DB00545,pyridostigmine,Pyridostigmine,exact_drugbank_text
167,DB01589,quazepam,Quazepam,exact_drugbank_text
168,DB00328,indometacin,Indomethacin,manual_uk_us_spelling
169,DB06655,liraglutide,Liraglutide,exact_drugbank_text
170,DB06605,apixaban,Apixaban,exact_drugbank_text
171,DB06791,lanreotide,Lanreotide,exact_drugbank_text
172,DB00582,voriconazole,Voriconazole,exact_drugbank_text
173,DB00949,felbamate,Felbamate,exact_drugbank_text
174,DB00882,clomifene,Clomifene,exact_drugbank_text
175,DB01600,tiaprofenic acid,Tiaprofenic acid,exact_drugbank_text
176,DB01039,fenofibrate,Fenofibrate,exact_drugbank_text
177,DB00969,alosetron,Alosetron,exact_drugbank_text
178,DB11095,desirudin,Desirudin,exact_drugbank_text
179,DB06788,histrelin,Histrelin,exact_drugbank_text
180,DB00650,calcium folinate,Leucovorin,manual_synonym_folinic_acid
181,DB00735,naftifine,Naftifine,exact_drugbank_text
182,DB00211,midodrine,Midodrine,exact_drugbank_text
183,DB00683,midazolam,Midazolam,exact_drugbank_text
184,DB00900,didanosine,Didanosine,exact_drugbank_text
185,DB00872,conivaptan,Conivaptan,exact_drugbank_text
186,DB00109,enfuvirtide,Enfuvirtide,exact_drugbank_text
187,DB01255,lisdexamfetamine,Lisdexamfetamine,exact_drugbank_text
188,DB00611,butorphanol,Butorphanol,exact_drugbank_text
189,DB06176,romidepsin,Romidepsin,exact_drugbank_text
190,DB01203,nadolol,Nadolol,exact_drugbank_text
191,DB09149,florbetapir (18F),Florbetapir F-18,fuzzy_drugbank_text_0.903
192,DB00180,flunisolide,Flunisolide,exact_drugbank_text
193,DB00694,daunorubicin,Daunorubicin,exact_drugbank_text
194,DB01319,fosamprenavir,Fosamprenavir,exact_drugbank_text
195,DB06819,sodium phenylbutyrate,Phenylbutyric acid,manual_salt_to_active_acid_entry
196,DB00524,metolazone,Metolazone,exact_drugbank_text
197,DB00264,metoprolol,Metoprolol,exact_drugbank_text
198,DB00916,metronidazole,Metronidazole,exact_drugbank_text
199,DB01155,gemifloxacin,Gemifloxacin,exact_drugbank_text
200,DB00379,mexiletine,Mexiletine,exact_drugbank_text
201,DB08883,perampanel,Perampanel,exact_drugbank_text
202,DB01306,insulin aspart,Insulin aspart,exact_drugbank_text
203,DB08882,linagliptin,Linagliptin,exact_drugbank_text
204,DB05259,glatiramer acetate,Glatiramer,core_match_drugbank_text
205,DB06779,dalteparin,Dalteparin,exact_drugbank_text
206,DB06701,dexmethylphenidate,Dexmethylphenidate,exact_drugbank_text
207,DB00293,raltitrexed,Raltitrexed,exact_drugbank_text
208,DB08869,tesamorelin,Tesamorelin,exact_drugbank_text
209,DB01100,pimozide,Pimozide,exact_drugbank_text
210,DB00630,alendronic acid,Alendronic acid,exact_drugbank_text
211,DB00518,albendazole,Albendazole,exact_drugbank_text
212,DB01001,salbutamol,Salbutamol,exact_sider_all_drugs
213,DB00654,latanoprost,Latanoprost,exact_drugbank_text
214,DB08909,glycerol phenylbutyrate,Glycerol phenylbutyrate,exact_drugbank_text
215,DB01268,sunitinib,Sunitinib,exact_drugbank_text
216,DB06216,asenapine,Asenapine,exact_drugbank_text
217,DB00953,rizatriptan,Rizatriptan,exact_drugbank_text
218,DB00734,risperidone,Risperidone,exact_drugbank_text
219,DB00740,riluzole,Riluzole,exact_drugbank_text
220,DB00478,rimantadine,Rimantadine,exact_drugbank_text
221,DB00612,bisoprolol,Bisoprolol,exact_drugbank_text
222,DB00277,theophylline,Theophylline,exact_drugbank_text
223,DB06288,amisulpride,Amisulpride,exact_drugbank_text
224,DB00799,tazarotene,Tazarotene,exact_drugbank_text
225,DB05679,ustekinumab,Ustekinumab,exact_drugbank_text
226,DB00175,pravastatin,Pravastatin,exact_drugbank_text
227,DB00438,ceftazidime,Ceftazidime,exact_drugbank_text
228,DB00659,acamprosate,Acamprosate,exact_drugbank_text
229,DB06774,capsaicin,Capsaicin,exact_drugbank_text
230,DB06589,pazopanib,Pazopanib,exact_drugbank_text
231,DB00489,sotalol,Sotalol,exact_drugbank_text
232,DB00185,cevimeline,Cevimeline,exact_drugbank_text
233,DB01406,danazol,Danazol,exact_drugbank_text
234,DB00742,mannitol,Mannitol,exact_drugbank_text
235,DB00829,diazepam,Diazepam,exact_drugbank_text
236,DB00684,tobramycin,Tobramycin,exact_drugbank_text
237,DB00300,tenofovir disoproxil,Tenofovir disoproxil,exact_drugbank_text
238,DB00317,gefitinib,Gefitinib,exact_drugbank_text
239,DB01186,pergolide,Pergolide,exact_drugbank_text
240,,sodium phosphate,,unresolved_ambiguous_multiple_forms
241,DB01110,miconazole,Miconazole,exact_drugbank_text
242,DB06148,mianserin,Mianserin,exact_drugbank_text
243,DB01080,vigabatrin,Vigabatrin,exact_drugbank_text
244,DB00410,mupirocin,Mupirocin,exact_drugbank_text
245,DB01003,cromoglicic acid,Cromoglicic acid,exact_drugbank_text
246,DB01259,lapatinib,Lapatinib,exact_drugbank_text
247,DB00980,ramelteon,Ramelteon,exact_drugbank_text
248,DB00555,lamotrigine,Lamotrigine,exact_drugbank_text
249,DB00962,zaleplon,Zaleplon,exact_drugbank_text
250,DB00549,zafirlukast,Zafirlukast,exact_drugbank_text
251,DB00833,cefaclor,Cefaclor,exact_drugbank_text
252,DB04868,nilotinib,Nilotinib,exact_drugbank_text
253,DB00377,palonosetron,Palonosetron,exact_drugbank_text
254,DB01006,letrozole,Letrozole,exact_drugbank_text
255,DB00718,adefovir dipivoxil,Adefovir dipivoxil,exact_drugbank_text
256,DB00879,emtricitabine,Emtricitabine,exact_drugbank_text
257,DB01393,bezafibrate,Bezafibrate,exact_drugbank_text
258,DB06262,droxidopa,Droxidopa,exact_drugbank_text
259,DB00413,pramipexole,Pramipexole,exact_drugbank_text
260,DB00201,caffeine,Caffeine,exact_drugbank_text
261,DB06825,triptorelin,Triptorelin,exact_drugbank_text
262,DB00986,glycopyrronium bromide,Glycopyrronium,core_match_drugbank_text
263,DB00437,allopurinol,Allopurinol,exact_drugbank_text
264,DB00346,alfuzosin,Alfuzosin,exact_drugbank_text
265,DB01005,hydroxycarbamide,Hydroxyurea,manual_uk_us_spelling
266,DB00541,vincristine,Vincristine,exact_drugbank_text
267,DB00661,verapamil,Verapamil,exact_drugbank_text
268,DB00665,nilutamide,Nilutamide,exact_drugbank_text
269,DB00337,pimecrolimus,Pimecrolimus,exact_drugbank_text
270,DB00291,chlorambucil,Chlorambucil,exact_drugbank_text
271,DB00176,fluvoxamine,Fluvoxamine,exact_drugbank_text
272,DB01082,streptomycin,Streptomycin,exact_drugbank_text
273,DB01030,topotecan,Topotecan,exact_drugbank_text
274,DB00461,nabumetone,Nabumetone,exact_drugbank_text
275,DB01211,clarithromycin,Clarithromycin,exact_drugbank_text
276,DB00757,dolasetron,Dolasetron,exact_drugbank_text
277,DB00987,cytarabine,Cytarabine,exact_drugbank_text
278,DB01390,sodium bicarbonate,Sodium bicarbonate,exact_drugbank_text
279,DB00320,dihydroergotamine,Dihydroergotamine,exact_drugbank_text
280,DB00231,temazepam,Temazepam,exact_drugbank_text
281,DB00227,lovastatin,Lovastatin,exact_drugbank_text
282,DB00853,temozolomide,Temozolomide,exact_drugbank_text
283,DB00307,bexarotene,Bexarotene,exact_drugbank_text
284,DB00569,fondaparinux,Fondaparinux,exact_drugbank_text
285,DB00222,glimepiride,Glimepiride,exact_drugbank_text
286,DB04946,iloperidone,Iloperidone,exact_drugbank_text
287,DB01067,glipizide,Glipizide,exact_drugbank_text
288,DB14733,ceftobiprole medocaril,Ceftobiprole medocaril,exact_drugbank_text
289,DB00001,lepirudin,Lepirudin,exact_drugbank_text
290,DB06794,lodoxamide,Lodoxamide,exact_drugbank_text
291,DB00697,tizanidine,Tizanidine,exact_drugbank_text
292,DB06218,lacosamide,Lacosamide,exact_drugbank_text
293,DB00884,risedronic acid,Risedronic acid,exact_drugbank_text
294,DB06637,fampridine,Dalfampridine,manual_inn_usan_synonym
295,DB06204,tapentadol,Tapentadol,exact_drugbank_text
296,DB05039,indacaterol,Indacaterol,exact_drugbank_text
297,DB06702,fesoterodine,Fesoterodine,exact_drugbank_text
298,DB00686,pentosan polysulfate sodium,Pentosan polysulfate,core_match_drugbank_text
299,DB00105,interferon alfa-2b,Interferon alfa-2b,exact_drugbank_text
300,DB06243,eflornithine,Eflornithine,exact_drugbank_text
301,DB01307,insulin detemir,Insulin detemir,exact_drugbank_text
302,DB09080,olodaterol,Olodaterol,exact_drugbank_text
303,DB00795,sulfasalazine,Sulfasalazine,exact_drugbank_text
304,DB00285,venlafaxine,Venlafaxine,exact_drugbank_text
305,DB00924,cyclobenzaprine,Cyclobenzaprine,exact_drugbank_text
306,DB00471,montelukast,Montelukast,exact_drugbank_text
307,DB09065,cobicistat,Cobicistat,exact_drugbank_text
308,DB00287,travoprost,Travoprost,exact_drugbank_text
309,DB00598,labetalol,Labetalol,exact_drugbank_text
310,DB00816,orciprenaline,Orciprenaline,exact_drugbank_text
311,DB09487,iotrolan,Iotrolan,exact_drugbank_text
312,DB00563,methotrexate,Methotrexate,exact_drugbank_text
313,DB05271,rotigotine,Rotigotine,exact_drugbank_text
314,DB00184,nicotine,Nicotine,exact_drugbank_text
315,DB13615,mifamurtide,Mifamurtide,exact_drugbank_text
316,DB01261,sitagliptin,Sitagliptin,exact_drugbank_text
317,DB00396,progesterone,Progesterone,exact_drugbank_text
318,DB00177,valsartan,Valsartan,exact_drugbank_text
319,DB00422,methylphenidate,Methylphenidate,exact_drugbank_text
320,DB00642,pemetrexed,Pemetrexed,exact_drugbank_text
321,DB01248,docetaxel,Docetaxel,exact_drugbank_text
322,DB01340,cilazapril,Cilazapril,exact_drugbank_text
323,DB00967,desloratadine,Desloratadine,exact_drugbank_text
324,DB08947,iopamidol,Iopamidol,exact_drugbank_text
325,DB00046,insulin lispro,Insulin lispro,exact_drugbank_text
326,DB01263,posaconazole,Posaconazole,exact_drugbank_text
327,DB00790,perindopril,Perindopril,exact_drugbank_text
328,DB00715,paroxetine,Paroxetine,exact_drugbank_text
329,DB01085,pilocarpine,Pilocarpine,exact_drugbank_text
330,DB01180,rescinnamine,Rescinnamine,exact_drugbank_text
331,DB00564,carbamazepine,Carbamazepine,exact_drugbank_text
332,DB00220,nelfinavir,Nelfinavir,exact_drugbank_text
333,DB01610,valganciclovir,Valganciclovir,exact_drugbank_text
334,DB00990,exemestane,Exemestane,exact_drugbank_text
335,DB00457,prazosin,Prazosin,exact_drugbank_text
336,DB00215,citalopram,Citalopram,exact_drugbank_text
337,DB08932,macitentan,Macitentan,exact_drugbank_text
338,,lamivudine and abacavir,,unresolved_combo_missing_from_local_sources
339,DB00276,amsacrine,Amsacrine,exact_drugbank_text
340,DB01141,micafungin,Micafungin,exact_drugbank_text
341,DB01215,estazolam,Estazolam,exact_drugbank_text
342,DB06403,ambrisentan,Ambrisentan,exact_drugbank_text
343,DB01241,gemfibrozil,Gemfibrozil,exact_drugbank_text
344,DB00922,levosimendan,Levosimendan,exact_drugbank_text
345,DB01218,halofantrine,Halofantrine,exact_drugbank_text
346,DB00187,esmolol,Esmolol,exact_drugbank_text
347,DB00361,vinorelbine,Vinorelbine,exact_drugbank_text
348,DB05676,apremilast,Apremilast,exact_drugbank_text
349,DB00250,dapsone,Dapsone,exact_drugbank_text
350,DB00560,tigecycline,Tigecycline,exact_drugbank_text
351,DB00207,azithromycin,Azithromycin,exact_drugbank_text
352,DB00975,dipyridamole,Dipyridamole,exact_drugbank_text
353,DB01194,brinzolamide,Brinzolamide,exact_drugbank_text
354,DB01012,cinacalcet,Cinacalcet,exact_drugbank_text
355,DB00014,goserelin,Goserelin,exact_drugbank_text
356,DB00331,metformin,Metformin,exact_drugbank_text
357,DB00909,zonisamide,Zonisamide,exact_drugbank_text
358,DB01177,idarubicin,Idarubicin,exact_drugbank_text
359,DB00425,zolpidem,Zolpidem,exact_drugbank_text
360,DB00834,mifepristone,Mifepristone,exact_drugbank_text
361,DB00439,cerivastatin,Cerivastatin,exact_drugbank_text
362,DB01098,rosuvastatin,Rosuvastatin,exact_drugbank_text
363,DB01095,fluvastatin,Fluvastatin,exact_drugbank_text
364,DB00580,valdecoxib,Valdecoxib,exact_drugbank_text
365,DB00828,fosfomycin,Fosfomycin,exact_drugbank_text
366,DB00710,ibandronic acid,Ibandronate,manual_acid_to_drugbank_name
367,DB00246,ziprasidone,Ziprasidone,exact_drugbank_text
368,DB00558,zanamivir,Zanamivir,exact_drugbank_text
369,DB00315,zolmitriptan,Zolmitriptan,exact_drugbank_text
370,DB00198,oseltamivir,Oseltamivir,exact_drugbank_text
371,DB00442,entecavir,Entecavir,exact_drugbank_text
372,DB04839,cyproterone,Cyproterone acetate,manual_base_to_ester
373,DB06211,doripenem,Doripenem,exact_drugbank_text
374,DB00355,aztreonam,Aztreonam,exact_drugbank_text
375,DB01050,ibuprofen,Ibuprofen,exact_drugbank_text
376,DB00281,lidocaine,Lidocaine,exact_drugbank_text
377,DB13919,candesartan,Candesartan,exact_drugbank_text
378,DB00273,topiramate,Topiramate,exact_drugbank_text
379,DB01320,fosphenytoin,Fosphenytoin,exact_drugbank_text
380,DB01224,quetiapine,Quetiapine,exact_drugbank_text
381,DB00537,ciprofloxacin,Ciprofloxacin,exact_drugbank_text
382,DB09076,umeclidinium bromide,Umeclidinium,manual_strip_salt
383,DB01212,ceftriaxone,Ceftriaxone,exact_drugbank_text
384,DB01413,cefepime,Cefepime,exact_drugbank_text
385,DB00399,zoledronic acid,Zoledronic acid,exact_drugbank_text
386,DB01025,amlexanox,Amlexanox,exact_drugbank_text
387,DB00381,amlodipine,Amlodipine,exact_drugbank_text
388,DB04861,nebivolol,Nebivolol,exact_drugbank_text
389,DB01004,ganciclovir,Ganciclovir,exact_drugbank_text
390,DB01410,ciclesonide,Ciclesonide,exact_drugbank_text
391,DB08874,fidaxomicin,Fidaxomicin,exact_drugbank_text
392,DB06207,silodosin,Silodosin,exact_drugbank_text
393,DB00512,vancomycin,Vancomycin,exact_drugbank_text
394,DB04876,vildagliptin,Vildagliptin,exact_drugbank_text
395,DB08875,cabozantinib,Cabozantinib,exact_drugbank_text
396,DB00275,olmesartan medoxomil,Olmesartan,manual_prodrug_to_active_drug_entry
397,DB01175,escitalopram,Escitalopram,exact_drugbank_text
398,DB06283,ziconotide,Ziconotide,exact_drugbank_text
399,DB09146,saccharated iron oxide,Iron sucrose,manual_synonym_iron_saccharate
400,DB08913,radium (223Ra) dichloride,Radium Ra 223 Dichloride,manual_radiopharmaceutical_name_variant
401,DB06719,buserelin,Buserelin,exact_drugbank_text
402,DB06202,lasofoxifene,Lasofoxifene,exact_drugbank_text
403,DB00669,sumatriptan,Sumatriptan,exact_drugbank_text
404,DB00294,etonogestrel,Etonogestrel,exact_drugbank_text
405,DB01128,bicalutamide,Bicalutamide,exact_drugbank_text
406,DB14575,eslicarbazepine,Eslicarbazepine,exact_drugbank_text
407,DB09034,suvorexant,Suvorexant,exact_drugbank_text
408,DB00343,diltiazem,Diltiazem,exact_drugbank_text
409,DB01234,dexamethasone,Dexamethasone,exact_drugbank_text
410,DB01157,trimetrexate,Trimetrexate,exact_drugbank_text
411,DB00982,isotretinoin,Isotretinoin,exact_drugbank_text
412,DB08815,lurasidone,Lurasidone,exact_drugbank_text
413,DB06626,axitinib,Axitinib,exact_drugbank_text
414,DB01196,estramustine,Estramustine,exact_drugbank_text
415,DB08900,teduglutide,Teduglutide,exact_drugbank_text
416,DB01260,desonide,Desonide,exact_drugbank_text
417,DB00278,argatroban,Argatroban,exact_drugbank_text
418,DB09151,flutemetamol (18F),Flutemetamol (18F),exact_drugbank_text
419,DB06711,naphazoline,Naphazoline,exact_drugbank_text
420,DB00701,amprenavir,Amprenavir,exact_drugbank_text
421,DB06809,plerixafor,Plerixafor,exact_drugbank_text
422,DB00973,ezetimibe,Ezetimibe,exact_drugbank_text
423,DB00520,caspofungin,Caspofungin,exact_drugbank_text
424,DB05311,ecallantide,Ecallantide,exact_drugbank_text
425,DB08881,vemurafenib,Vemurafenib,exact_drugbank_text
426,DB00130,glutamine,L-Glutamine,manual_generic_to_l_form
427,DB00424,hyoscyamine,Hyoscyamine,exact_drugbank_text
428,DB00181,baclofen,Baclofen,exact_drugbank_text
429,DB00877,sirolimus,Sirolimus,exact_drugbank_text
430,DB01059,norfloxacin,Norfloxacin,exact_drugbank_text
431,DB00262,carmustine,Carmustine,exact_drugbank_text
432,DB00633,dexmedetomidine,Dexmedetomidine,exact_drugbank_text
433,DB00035,desmopressin,Desmopressin,exact_drugbank_text
434,DB00481,raloxifene,Raloxifene,exact_drugbank_text
435,DB00571,propranolol,Propranolol,exact_drugbank_text
436,DB00404,alprazolam,Alprazolam,exact_drugbank_text
437,DB04106,fotemustine,Fotemustine,exact_drugbank_text
438,DB04854,febuxostat,Febuxostat,exact_drugbank_text
439,DB00444,teniposide,Teniposide,exact_drugbank_text
440,DB01359,penbutolol,Penbutolol,exact_drugbank_text
441,DB05015,belinostat,Belinostat,exact_drugbank_text
442,DB00597,gadoteridol,Gadoteridol,exact_drugbank_text
443,DB00374,treprostinil,Treprostinil,exact_drugbank_text
444,DB00996,gabapentin,Gabapentin,exact_drugbank_text
445,DB00695,furosemide,Furosemide,exact_drugbank_text
446,DB00501,cimetidine,Cimetidine,exact_drugbank_text
447,DB01166,cilostazol,Cilostazol,exact_drugbank_text
448,DB01216,finasteride,Finasteride,exact_drugbank_text
449,DB00787,aciclovir,Aciclovir,exact_sider_all_drugs
450,DB01060,amoxicillin,Amoxicillin,exact_drugbank_text
451,DB00203,sildenafil,Sildenafil,exact_drugbank_text
452,DB06213,regadenoson,Regadenoson,exact_drugbank_text
453,DB00367,levonorgestrel,Levonorgestrel,exact_drugbank_text
454,DB00080,daptomycin,Daptomycin,exact_drugbank_text
455,DB01109,heparin,Heparin,exact_drugbank_text
456,DB00296,ropivacaine,Ropivacaine,exact_drugbank_text
457,DB06285,teriparatide,Teriparatide,exact_drugbank_text
458,DB00746,deferoxamine,Deferoxamine,exact_drugbank_text
459,DB00910,paricalcitol,Paricalcitol,exact_drugbank_text
460,DB06209,prasugrel,Prasugrel,exact_drugbank_text
461,DB00995,auranofin,Auranofin,exact_drugbank_text
462,DB00412,rosiglitazone,Rosiglitazone,exact_drugbank_text
463,DB06616,bosutinib,Bosutinib,exact_drugbank_text
464,DB00075,muromonab-CD3,Muromonab,manual_antibody_name_variant
465,DB00989,rivastigmine,Rivastigmine,exact_drugbank_text
466,DB00216,eletriptan,Eletriptan,exact_drugbank_text
467,DB00998,frovatriptan,Frovatriptan,exact_drugbank_text
468,DB00768,olopatadine,Olopatadine,exact_drugbank_text
469,DB08906,fluticasone furoate,Fluticasone furoate,exact_drugbank_text
470,DB06210,eltrombopag,Eltrombopag,exact_drugbank_text
471,DB00655,estrone,Estrone,exact_drugbank_text
472,DB00313,valproic acid,Valproic acid,exact_drugbank_text
473,DB08903,bedaquiline,Bedaquiline,exact_drugbank_text
474,DB00006,bivalirudin,Bivalirudin,exact_drugbank_text
475,DB00783,estradiol,Estradiol,exact_drugbank_text
476,DB00741,hydrocortisone,Hydrocortisone,exact_drugbank_text
477,DB00745,modafinil,Modafinil,exact_drugbank_text
478,DB00209,trospium,Trospium,exact_drugbank_text
479,DB00978,lomefloxacin,Lomefloxacin,exact_drugbank_text
480,DB06590,ceftaroline fosamil,Ceftaroline fosamil,exact_drugbank_text
481,DB08865,crizotinib,Crizotinib,exact_drugbank_text
482,DB13295,atracurium,Atracurium,exact_drugbank_text
483,DB00459,acitretin,Acitretin,exact_drugbank_text
484,DB01043,memantine,Memantine,exact_drugbank_text
485,DB00814,meloxicam,Meloxicam,exact_drugbank_text
486,DB00851,dacarbazine,Dacarbazine,exact_drugbank_text
487,DB01079,tegaserod,Tegaserod,exact_drugbank_text
488,DB04938,ospemifene,Ospemifene,exact_drugbank_text
489,DB00497,oxycodone,Oxycodone,exact_drugbank_text
490,DB06292,dapagliflozin,Dapagliflozin,exact_drugbank_text
491,DB00583,levocarnitine,Levocarnitine,exact_drugbank_text
492,DB00195,betaxolol,Betaxolol,exact_drugbank_text
493,DB06698,betahistine,Betahistine,exact_drugbank_text
494,DB01129,rabeprazole,Rabeprazole,exact_drugbank_text
495,DB01136,carvedilol,Carvedilol,exact_drugbank_text
496,DB00486,nabilone,Nabilone,exact_drugbank_text
497,DB00952,naratriptan,Naratriptan,exact_drugbank_text
498,DB01249,iodixanol,Iodixanol,exact_drugbank_text
499,DB01149,nefazodone,Nefazodone,exact_drugbank_text
500,DB00675,tamoxifen,Tamoxifen,exact_drugbank_text
501,,sulfamethoxazole and trimethoprim,,unresolved_combo_missing_from_local_sources
502,DB01182,propafenone,Propafenone,exact_drugbank_text
503,DB06663,pasireotide,Pasireotide,exact_drugbank_text
504,DB00290,bleomycin,Bleomycin,exact_drugbank_text
505,DB00440,trimethoprim,Trimethoprim,exact_drugbank_text
506,DB00847,mercaptamine,Cysteamine,manual_synonym
507,DB06700,desvenlafaxine,Desvenlafaxine,exact_drugbank_text
508,DB00094,urofollitropin,Urofollitropin,exact_drugbank_text
509,DB00301,flucloxacillin,Flucloxacillin,exact_drugbank_text
510,DB00204,dofetilide,Dofetilide,exact_drugbank_text
511,DB00760,meropenem,Meropenem,exact_drugbank_text
512,DB13867,fluticasone,Fluticasone,exact_drugbank_text
513,DB00338,omeprazole,Omeprazole,exact_drugbank_text
514,DB00904,ondansetron,Ondansetron,exact_drugbank_text
515,DB01188,ciclopirox,Ciclopirox,exact_drugbank_text
516,DB01291,pirbuterol,Pirbuterol,exact_drugbank_text
517,DB00373,timolol,Timolol,exact_drugbank_text
518,DB06792,lanthanum carbonate,Lanthanum carbonate,exact_drugbank_text
519,DB00666,nafarelin,Nafarelin,exact_drugbank_text
520,DB06287,temsirolimus,Temsirolimus,exact_drugbank_text
521,DB00082,pegvisomant,Pegvisomant,exact_drugbank_text
522,DB04899,nesiritide,Nesiritide,exact_drugbank_text
523,DB00804,dicycloverine,Dicyclomine,manual_uk_us_spelling
524,DB01072,atazanavir,Atazanavir,exact_drugbank_text
525,DB01044,gatifloxacin,Gatifloxacin,exact_drugbank_text
526,DB00360,sapropterin,Sapropterin,exact_drugbank_text
527,DB01024,mycophenolic acid,Mycophenolic acid,exact_drugbank_text
528,DB01150,cefprozil,Cefprozil,exact_drugbank_text
529,DB01222,budesonide,Budesonide,exact_drugbank_text
530,DB00460,verteporfin,Verteporfin,exact_drugbank_text
531,DB00929,misoprostol,Misoprostol,exact_drugbank_text
532,DB00554,piroxicam,Piroxicam,exact_drugbank_text
533,DB01586,ursodeoxycholic acid,Ursodeoxycholic acid,exact_drugbank_text
534,DB00908,quinidine,Quinidine,exact_drugbank_text
535,DB00370,mirtazapine,Mirtazapine,exact_drugbank_text
536,DB01020,isosorbide mononitrate,Isosorbide mononitrate,exact_drugbank_text
537,DB00186,lorazepam,Lorazepam,exact_drugbank_text
538,DB00455,loratadine,Loratadine,exact_drugbank_text
539,DB01117,atovaquone,Atovaquone,exact_drugbank_text
540,DB00062,albumin,Albumin human,manual_generic_to_human_albumin
541,DB00136,calcitriol,Calcitriol,exact_drugbank_text
542,DB00390,digoxin,Digoxin,exact_drugbank_text
543,DB00736,esomeprazole,Esomeprazole,exact_drugbank_text
544,DB05351,dexlansoprazole,Dexlansoprazole,exact_drugbank_text
545,DB09276,sodium aurothiomalate,Sodium aurothiomalate,exact_drugbank_text
546,DB01250,olsalazine,Olsalazine,exact_drugbank_text
547,DB00889,granisetron,Granisetron,exact_drugbank_text
548,DB00956,hydrocodone,Hydrocodone,exact_drugbank_text
549,DB00958,carboplatin,Carboplatin,exact_drugbank_text
550,DB05273,samarium (153Sm) lexidronam,Samarium (153Sm) lexidronam,exact_drugbank_text
551,DB00402,eszopiclone,Eszopiclone,exact_drugbank_text
552,DB09163,technetium (99mTc) exametazime,Technetium Tc-99m exametazime,fuzzy_drugbank_text_0.912
553,DB06410,doxercalciferol,Doxercalciferol,exact_drugbank_text
554,DB01101,capecitabine,Capecitabine,exact_drugbank_text
555,DB00007,leuprorelin,Leuprolide,manual_inn_usan_synonym
556,,salmeterol and fluticasone,,unresolved_combo_missing_from_local_sources
557,DB00492,fosinopril,Fosinopril,exact_drugbank_text
558,DB01244,bepridil,Bepridil,exact_drugbank_text
559,DB14569,tedizolid,Tedizolid,exact_drugbank_text
560,DB00230,pregabalin,Pregabalin,exact_drugbank_text
561,DB09156,iopromide,Iopromide,exact_drugbank_text
562,DB01362,iohexol,Iohexol,exact_drugbank_text
563,DB00915,amantadine,Amantadine,exact_drugbank_text
564,DB05332,romiplostim,Romiplostim,exact_drugbank_text
565,DB08828,vismodegib,Vismodegib,exact_drugbank_text
566,DB00693,fluorescein,Fluorescein,exact_drugbank_text
567,DB00577,valaciclovir,Valaciclovir,exact_drugbank_text
568,DB01036,tolterodine,Tolterodine,exact_drugbank_text
569,DB00685,trovafloxacin,Trovafloxacin,exact_drugbank_text
570,DB00334,olanzapine,Olanzapine,exact_drugbank_text
571,DB01165,ofloxacin,Ofloxacin,exact_drugbank_text
572,DB09026,aliskiren,Aliskiren,exact_drugbank_text
573,DB00758,clopidogrel,Clopidogrel,exact_drugbank_text
574,DB00502,haloperidol,Haloperidol,exact_drugbank_text
575,DB00193,tramadol,Tramadol,exact_drugbank_text
576,DB01011,metyrapone,Metyrapone,exact_drugbank_text
577,DB09532,secretin,Secretin human,manual_generic_to_human_secretin
578,DB09090,pinaverium,Pinaverium,exact_drugbank_text
579,DB00428,streptozocin,Streptozocin,exact_drugbank_text
580,DB09110,mesna,Coenzyme M,manual_common_name_to_drugbank_entry
581,DB11699,tropisetron,Tropisetron,exact_drugbank_text
582,DB00178,ramipril,Ramipril,exact_drugbank_text
583,DB00542,benazepril,Benazepril,exact_drugbank_text
584,DB00472,fluoxetine,Fluoxetine,exact_drugbank_text
585,DB00544,fluorouracil,Fluorouracil,exact_drugbank_text
586,DB01544,flunitrazepam,Flunitrazepam,exact_drugbank_text
587,DB01204,mitoxantrone,Mitoxantrone,exact_drugbank_text
588,DB01156,bupropion,Bupropion,exact_drugbank_text
589,DB00107,oxytocin,Oxytocin,exact_drugbank_text
590,DB00692,phentolamine,Phentolamine,exact_drugbank_text
591,DB08895,tofacitinib,Tofacitinib,exact_drugbank_text
592,DB01037,selegiline,Selegiline,exact_drugbank_text
593,DB08901,ponatinib,Ponatinib,exact_drugbank_text
594,DB01264,darunavir,Darunavir,exact_drugbank_text
595,DB00620,triamcinolone,Triamcinolone,exact_drugbank_text
596,DB00495,zidovudine,Zidovudine,exact_drugbank_text
597,DB08868,fingolimod,Fingolimod,exact_drugbank_text
598,DB05528,mipomersen,Mipomersen,exact_drugbank_text
599,DB01097,leflunomide,Leflunomide,exact_drugbank_text
600,DB08931,riociguat,Riociguat,exact_drugbank_text
601,DB01273,varenicline,Varenicline,exact_drugbank_text
602,DB00327,hydromorphone,Hydromorphone,exact_drugbank_text
603,DB09053,ibrutinib,Ibrutinib,exact_drugbank_text
604,DB01229,paclitaxel,Paclitaxel,exact_drugbank_text
605,DB00244,mesalazine,Mesalazine,exact_drugbank_text
606,DB00408,loxapine,Loxapine,exact_drugbank_text
607,DB00678,losartan,Losartan,exact_drugbank_text
608,DB00775,tirofiban,Tirofiban,exact_drugbank_text
609,DB00999,hydrochlorothiazide,Hydrochlorothiazide,exact_drugbank_text
610,DB01275,hydralazine,Hydralazine,exact_drugbank_text
611,DB00704,naltrexone,Naltrexone,exact_drugbank_text
612,DB00602,ivermectin,Ivermectin,exact_drugbank_text
613,DB00928,azacitidine,Azacitidine,exact_drugbank_text
614,DB00445,epirubicin,Epirubicin,exact_drugbank_text
615,DB00808,indapamide,Indapamide,exact_drugbank_text
616,DB00238,nevirapine,Nevirapine,exact_drugbank_text
617,DB00552,pentostatin,Pentostatin,exact_drugbank_text
618,DB00641,simvastatin,Simvastatin,exact_drugbank_text
619,DB00529,foscarnet,Foscarnet,exact_drugbank_text
620,DB00855,aminolevulinic acid,Aminolevulinic acid,exact_drugbank_text
621,DB00243,ranolazine,Ranolazine,exact_drugbank_text
622,DB00927,famotidine,Famotidine,exact_drugbank_text
623,DB09038,empagliflozin,Empagliflozin,exact_drugbank_text
624,DB01115,nifedipine,Nifedipine,exact_drugbank_text
625,DB01189,desflurane,Desflurane,exact_drugbank_text
626,DB05294,vandetanib,Vandetanib,exact_drugbank_text
627,DB00531,cyclophosphamide,Cyclophosphamide,exact_drugbank_text
628,DB06785,ganirelix,Ganirelix,exact_drugbank_text
629,DB01609,deferasirox,Deferasirox,exact_drugbank_text
630,DB00585,nizatidine,Nizatidine,exact_drugbank_text
631,DB05812,abiraterone,Abiraterone,exact_drugbank_text
632,DB09068,vortioxetine,Vortioxetine,exact_drugbank_text
633,DB00224,indinavir,Indinavir,exact_drugbank_text
634,DB00722,lisinopril,Lisinopril,exact_drugbank_text
635,DB00843,donepezil,Donepezil,exact_drugbank_text
636,DB00590,doxazosin,Doxazosin,exact_drugbank_text
637,DB01142,doxepin,Doxepin,exact_drugbank_text
638,DB06699,degarelix,Degarelix,exact_drugbank_text
639,DB00871,terbutaline,Terbutaline,exact_drugbank_text
640,DB01162,terazosin,Terazosin,exact_drugbank_text
641,DB01190,clindamycin,Clindamycin,exact_drugbank_text
642,DB06684,vilazodone,Vilazodone,exact_drugbank_text
643,DB06219,dalbavancin,Dalbavancin,exact_drugbank_text
644,DB00601,linezolid,Linezolid,exact_drugbank_text
645,DB01267,paliperidone,Paliperidone,exact_drugbank_text
646,DB00210,adapalene,Adapalene,exact_drugbank_text
647,DB01219,dantrolene,Dantrolene,exact_drugbank_text
648,DB06268,sitaxentan,Sitaxentan,exact_drugbank_text
649,DB00398,sorafenib,Sorafenib,exact_drugbank_text
650,DB00106,abarelix,Abarelix,exact_drugbank_text
651,DB01265,telbivudine,Telbivudine,exact_drugbank_text
652,DB00448,lansoprazole,Lansoprazole,exact_drugbank_text
653,DB06695,dabigatran etexilate,Dabigatran etexilate,exact_drugbank_text
654,DB01551,dihydrocodeine,Dihydrocodeine,exact_drugbank_text
655,DB08873,boceprevir,Boceprevir,exact_drugbank_text
656,DB00905,bimatoprost,Bimatoprost,exact_drugbank_text
657,DB01073,fludarabine,Fludarabine,exact_drugbank_text
658,DB00514,dextromethorphan,Dextromethorphan,exact_drugbank_text
659,DB04920,clevidipine,Clevidipine,exact_drugbank_text
660,DB00700,eplerenone,Eplerenone,exact_drugbank_text
661,DB06401,bazedoxifene,Bazedoxifene,exact_drugbank_text
662,DB04835,maraviroc,Maraviroc,exact_drugbank_text
663,DB00714,apomorphine,Apomorphine,exact_drugbank_text
664,DB00319,piperacillin,Piperacillin,exact_drugbank_text
665,DB00213,pantoprazole,Pantoprazole,exact_drugbank_text
666,DB00282,pamidronic acid,Pamidronic acid,exact_drugbank_text
667,DB00335,atenolol,Atenolol,exact_drugbank_text
668,DB08899,enzalutamide,Enzalutamide,exact_drugbank_text
669,DB00997,doxorubicin,Doxorubicin,exact_drugbank_text
670,DB05013,ingenol mebutate,Ingenol mebutate,exact_drugbank_text
671,DB00308,ibutilide,Ibutilide,exact_drugbank_text
672,DB11630,temoporfin,Temoporfin,exact_drugbank_text
673,DB01104,sertraline,Sertraline,exact_drugbank_text
674,DB00773,etoposide,Etoposide,exact_drugbank_text
675,DB08816,ticagrelor,Ticagrelor,exact_drugbank_text
676,DB00289,atomoxetine,Atomoxetine,exact_drugbank_text
677,DB00764,mometasone,Mometasone,exact_drugbank_text
678,DB08912,dabrafenib,Dabrafenib,exact_drugbank_text
679,DB00674,galantamine,Galantamine,exact_drugbank_text
680,DB00533,rofecoxib,Rofecoxib,exact_drugbank_text
681,DB00268,ropinirole,Ropinirole,exact_drugbank_text
682,DB00393,nimodipine,Nimodipine,exact_drugbank_text
683,DB00482,celecoxib,Celecoxib,exact_drugbank_text
684,DB00401,nisoldipine,Nisoldipine,exact_drugbank_text
685,DB01137,levofloxacin,Levofloxacin,exact_drugbank_text
686,DB02703,fusidic acid,Fusidic acid,exact_drugbank_text
687,DB06817,raltegravir,Raltegravir,exact_drugbank_text
688,DB01068,clonazepam,Clonazepam,exact_drugbank_text
689,DB00575,clonidine,Clonidine,exact_drugbank_text
690,DB01242,clomipramine,Clomipramine,exact_drugbank_text
691,DB00876,eprosartan,Eprosartan,exact_drugbank_text
692,DB00196,fluconazole,Fluconazole,exact_drugbank_text
693,DB01118,amiodarone,Amiodarone,exact_drugbank_text
694,DB00348,nitisinone,Nitisinone,exact_drugbank_text
695,DB09160,technetium (99mTc) tetrofosmin,Technetium Tc-99m tetrofosmin,fuzzy_drugbank_text_0.912
696,DB00897,triazolam,Triazolam,exact_drugbank_text
697,DB06228,rivaroxaban,Rivaroxaban,exact_drugbank_text
698,DB01014,balsalazide,Balsalazide,exact_drugbank_text
699,DB05109,trabectedin,Trabectedin,exact_drugbank_text
700,DB00706,tamsulosin,Tamsulosin,exact_drugbank_text
701,DB06800,methylnaltrexone bromide,Methylnaltrexone,core_match_drugbank_text
702,DB01240,epoprostenol,Epoprostenol,exact_drugbank_text
703,DB04845,ixabepilone,Ixabepilone,exact_drugbank_text
704,DB19378,megestrol,Megestrol,exact_drugbank_text
705,DB00499,flutamide,Flutamide,exact_drugbank_text
706,DB00362,anidulafungin,Anidulafungin,exact_drugbank_text
707,DB01167,itraconazole,Itraconazole,exact_drugbank_text
708,DB00640,adenosine,Adenosine,exact_drugbank_text
709,DB00934,maprotiline,Maprotiline,exact_drugbank_text
710,DB01048,abacavir,Abacavir,exact_drugbank_text
711,DB01656,roflumilast,Roflumilast,exact_drugbank_text
712,DB08867,ulipristal,Ulipristal,exact_drugbank_text
713,DB00523,alitretinoin,Alitretinoin,exact_drugbank_text
714,DB00755,tretinoin,Tretinoin,exact_drugbank_text
715,DB06769,bendamustine,Bendamustine,exact_drugbank_text
716,DB08911,trametinib,Trametinib,exact_drugbank_text
717,DB00624,testosterone,Testosterone,exact_drugbank_text
718,DB04844,tetrabenazine,Tetrabenazine,exact_drugbank_text
719,DB00490,buspirone,Buspirone,exact_drugbank_text
720,DB00297,bupivacaine,Bupivacaine,exact_drugbank_text
721,DB00887,bumetanide,Bumetanide,exact_drugbank_text
722,DB00724,imiquimod,Imiquimod,exact_drugbank_text
723,DB00938,salmeterol,Salmeterol,exact_drugbank_text
724,DB01008,busulfan,Busulfan,exact_drugbank_text
725,DB00441,gemcitabine,Gemcitabine,exact_drugbank_text
726,DB00983,formoterol,Formoterol,exact_drugbank_text
727,DB01235,levodopa,Levodopa,exact_drugbank_text
728,DB00349,clobazam,Clobazam,exact_drugbank_text
729,DB01083,orlistat,Orlistat,exact_drugbank_text
730,DB01179,podophyllotoxin,Podofilox,manual_synonym
731,DB06703,gadobutrol,Gadobutrol,exact_drugbank_text
732,DB00881,quinapril,Quinapril,exact_drugbank_text
733,DB13158,clobetasone,Clobetasone,exact_drugbank_text
734,DB00380,dexrazoxane,Dexrazoxane,exact_drugbank_text
735,DB01047,fluocinonide,Fluocinonide,exact_drugbank_text
736,DB01367,rasagiline,Rasagiline,exact_drugbank_text
737,DB00188,bortezomib,Bortezomib,exact_drugbank_text
738,DB00644,gonadorelin,Gonadorelin,exact_drugbank_text
739,DB00530,erlotinib,Erlotinib,exact_drugbank_text
740,DB00369,cidofovir,Cidofovir,exact_drugbank_text
741,DB00480,lenalidomide,Lenalidomide,exact_drugbank_text
742,DB00316,paracetamol,Acetaminophen,manual_inn_usan_synonym
743,DB00921,buprenorphine,Buprenorphine,exact_drugbank_text
744,DB01017,minocycline,Minocycline,exact_drugbank_text
745,DB00286,conjugated estrogens,Conjugated estrogens,exact_drugbank_text
746,DB00363,clozapine,Clozapine,exact_drugbank_text
747,DB00649,stavudine,Stavudine,exact_drugbank_text
748,DB09071,tasimelteon,Tasimelteon,exact_drugbank_text
749,DB01041,thalidomide,Thalidomide,exact_drugbank_text
750,DB00295,morphine,Morphine,exact_drugbank_text
751,DB00788,naproxen,Naproxen,exact_drugbank_text
752,DB00631,clofarabine,Clofarabine,exact_drugbank_text
753,DB00302,tranexamic acid,Tranexamic acid,exact_drugbank_text
754,DB06201,rufinamide,Rufinamide,exact_drugbank_text
755,DB08819,tafluprost,Tafluprost,exact_drugbank_text
756,DB06772,cabazitaxel,Cabazitaxel,exact_drugbank_text
757,DB08897,aclidinium bromide,Aclidinium,core_match_drugbank_text
758,DB00091,ciclosporin,Cyclosporine,manual_uk_us_spelling
