idx,drugbank_id,drug_name,benchmark_idx,matched_name,resolution_status,evidence
0,DB00001,lepirudin,289,Lepirudin,resolved_by_frequency_matrix,Exact row match after SE-column alignment
1,DB00006,bivalirudin,474,Bivalirudin,resolved_by_frequency_matrix,Exact row match after SE-column alignment
2,DB00007,leuprorelin,555,Leuprolide,resolved_by_frequency_matrix,Exact row match after SE-column alignment
3,DB00014,goserelin,355,Goserelin,resolved_by_frequency_matrix,Exact row match after SE-column alignment
4,DB00016,erythropoietin,109,Erythropoietin,resolved_by_frequency_matrix,Exact row match after SE-column alignment
5,DB00082,pegvisomant,521,Pegvisomant,resolved_by_frequency_matrix,Exact row match after SE-column alignment
6,DB00035,desmopressin,433,Desmopressin,resolved_by_frequency_matrix,Exact row match after SE-column alignment
7,DB00046,insulin lispro,325,Insulin lispro,resolved_by_frequency_matrix,Exact row match after SE-column alignment
8,DB00047,insulin glargine,38,Insulin glargine,resolved_by_frequency_matrix,Exact row match after SE-column alignment
9,DB00049,rasburicase,29,Rasburicase,resolved_by_frequency_matrix,Exact row match after SE-column alignment
10,DB00062,albumin,540,Albumin human,resolved_by_frequency_matrix,Exact row match after SE-column alignment
11,DB00063,eptifibatide,61,Eptifibatide,resolved_by_frequency_matrix,Exact row match after SE-column alignment
12,DB00075,muromonab-CD3,464,Muromonab,resolved_by_frequency_matrix,Exact row match after SE-column alignment
13,DB00080,daptomycin,454,Daptomycin,resolved_by_frequency_matrix,Exact row match after SE-column alignment
14,DB00091,ciclosporin,758,Cyclosporine,resolved_by_frequency_matrix,Exact row match after SE-column alignment
15,DB00094,urofollitropin,508,Urofollitropin,resolved_by_frequency_matrix,Exact row match after SE-column alignment
16,DB00104,octreotide,26,Octreotide,resolved_by_frequency_matrix,Exact row match after SE-column alignment
17,DB00105,interferon alfa-2b,299,Interferon alfa-2b,resolved_by_frequency_matrix,Exact row match after SE-column alignment
18,DB00106,abarelix,650,Abarelix,resolved_by_frequency_matrix,Exact row match after SE-column alignment
19,DB00107,oxytocin,589,Oxytocin,resolved_by_frequency_matrix,Exact row match after SE-column alignment
20,DB00109,enfuvirtide,186,Enfuvirtide,resolved_by_frequency_matrix,Exact row match after SE-column alignment
21,DB00130,glutamine,426,L-Glutamine,resolved_by_frequency_matrix,Exact row match after SE-column alignment
22,DB00136,calcitriol,541,Calcitriol,resolved_by_frequency_matrix,Exact row match after SE-column alignment
23,DB00175,pravastatin,226,Pravastatin,resolved_by_frequency_matrix,Exact row match after SE-column alignment
24,DB00176,fluvoxamine,271,Fluvoxamine,resolved_by_frequency_matrix,Exact row match after SE-column alignment
25,DB00177,valsartan,318,Valsartan,resolved_by_frequency_matrix,Exact row match after SE-column alignment
26,DB00178,ramipril,582,Ramipril,resolved_by_frequency_matrix,Exact row match after SE-column alignment
27,DB00180,flunisolide,192,Flunisolide,resolved_by_frequency_matrix,Exact row match after SE-column alignment
28,DB00181,baclofen,428,Baclofen,resolved_by_frequency_matrix,Exact row match after SE-column alignment
29,DB00184,nicotine,314,Nicotine,resolved_by_frequency_matrix,Exact row match after SE-column alignment
30,DB00185,cevimeline,232,Cevimeline,resolved_by_frequency_matrix,Exact row match after SE-column alignment
31,DB00186,lorazepam,537,Lorazepam,resolved_by_frequency_matrix,Exact row match after SE-column alignment
32,DB00187,esmolol,346,Esmolol,resolved_by_frequency_matrix,Exact row match after SE-column alignment
33,DB00188,bortezomib,737,Bortezomib,resolved_by_frequency_matrix,Exact row match after SE-column alignment
34,DB00193,tramadol,575,Tramadol,resolved_by_frequency_matrix,Exact row match after SE-column alignment
35,DB00195,betaxolol,492,Betaxolol,resolved_by_frequency_matrix,Exact row match after SE-column alignment
36,DB00196,fluconazole,692,Fluconazole,resolved_by_frequency_matrix,Exact row match after SE-column alignment
37,DB00198,oseltamivir,370,Oseltamivir,resolved_by_frequency_matrix,Exact row match after SE-column alignment
38,DB00201,caffeine,260,Caffeine,resolved_by_frequency_matrix,Exact row match after SE-column alignment
39,DB00203,sildenafil,451,Sildenafil,resolved_by_frequency_matrix,Exact row match after SE-column alignment
40,DB00204,dofetilide,510,Dofetilide,resolved_by_frequency_matrix,Exact row match after SE-column alignment
41,DB00207,azithromycin,351,Azithromycin,resolved_by_frequency_matrix,Exact row match after SE-column alignment
42,DB00209,trospium,478,Trospium,resolved_by_frequency_matrix,Exact row match after SE-column alignment
43,DB00210,adapalene,646,Adapalene,resolved_by_frequency_matrix,Exact row match after SE-column alignment
44,DB00211,midodrine,182,Midodrine,resolved_by_frequency_matrix,Exact row match after SE-column alignment
45,DB00213,pantoprazole,665,Pantoprazole,resolved_by_frequency_matrix,Exact row match after SE-column alignment
46,DB00214,torasemide,118,Torasemide,resolved_by_frequency_matrix,Exact row match after SE-column alignment
47,DB00215,citalopram,336,Citalopram,resolved_by_frequency_matrix,Exact row match after SE-column alignment
48,DB00216,eletriptan,466,Eletriptan,resolved_by_frequency_matrix,Exact row match after SE-column alignment
49,DB00218,moxifloxacin,101,Moxifloxacin,resolved_by_frequency_matrix,Exact row match after SE-column alignment
50,DB00220,nelfinavir,332,Nelfinavir,resolved_by_frequency_matrix,Exact row match after SE-column alignment
51,DB00222,glimepiride,285,Glimepiride,resolved_by_frequency_matrix,Exact row match after SE-column alignment
52,DB00224,indinavir,633,Indinavir,resolved_by_frequency_matrix,Exact row match after SE-column alignment
53,DB00227,lovastatin,281,Lovastatin,resolved_by_frequency_matrix,Exact row match after SE-column alignment
54,DB00230,pregabalin,560,Pregabalin,resolved_by_frequency_matrix,Exact row match after SE-column alignment
55,DB00231,temazepam,280,Temazepam,resolved_by_frequency_matrix,Exact row match after SE-column alignment
56,DB00234,reboxetine,95,Reboxetine,resolved_by_frequency_matrix,Exact row match after SE-column alignment
57,DB00238,nevirapine,616,Nevirapine,resolved_by_frequency_matrix,Exact row match after SE-column alignment
58,DB00242,cladribine,120,Cladribine,resolved_by_frequency_matrix,Exact row match after SE-column alignment
59,DB00243,ranolazine,621,Ranolazine,resolved_by_frequency_matrix,Exact row match after SE-column alignment
60,DB00244,mesalazine,605,Mesalazine,resolved_by_frequency_matrix,Exact row match after SE-column alignment
61,DB00246,ziprasidone,367,Ziprasidone,resolved_by_frequency_matrix,Exact row match after SE-column alignment
62,DB00248,cabergoline,82,Cabergoline,resolved_by_frequency_matrix,Exact row match after SE-column alignment
63,DB00250,dapsone,349,Dapsone,resolved_by_frequency_matrix,Exact row match after SE-column alignment
64,DB00251,terconazole,24,Terconazole,resolved_by_frequency_matrix,Exact row match after SE-column alignment
65,DB00252,phenytoin,94,Phenytoin,resolved_by_auxiliary_features,DrugBank targets + MSSF drug_target: row 65 has many targets; phenytoin has many targets
66,DB00254,doxycycline,60,Doxycycline,resolved_by_frequency_matrix,Exact row match after SE-column alignment
67,DB00261,anagrelide,151,Anagrelide,resolved_by_frequency_matrix,Exact row match after SE-column alignment
68,DB00262,carmustine,431,Carmustine,resolved_by_frequency_matrix,Exact row match after SE-column alignment
69,DB00264,metoprolol,197,Metoprolol,resolved_by_frequency_matrix,Exact row match after SE-column alignment
70,DB00268,ropinirole,681,Ropinirole,resolved_by_frequency_matrix,Exact row match after SE-column alignment
71,DB00270,isradipine,163,Isradipine,resolved_by_frequency_matrix,Exact row match after SE-column alignment
72,DB00273,topiramate,378,Topiramate,resolved_by_frequency_matrix,Exact row match after SE-column alignment
73,DB00275,olmesartan medoxomil,396,Olmesartan,resolved_by_frequency_matrix,Exact row match after SE-column alignment
74,DB00276,amsacrine,339,Amsacrine,resolved_by_frequency_matrix,Exact row match after SE-column alignment
75,DB00277,theophylline,222,Theophylline,resolved_by_frequency_matrix,Exact row match after SE-column alignment
76,DB00278,argatroban,417,Argatroban,resolved_by_frequency_matrix,Exact row match after SE-column alignment
77,DB00281,lidocaine,376,Lidocaine,resolved_by_frequency_matrix,Exact row match after SE-column alignment
78,DB00282,pamidronic acid,666,Pamidronic acid,resolved_by_frequency_matrix,Exact row match after SE-column alignment
79,DB00285,venlafaxine,304,Venlafaxine,resolved_by_frequency_matrix,Exact row match after SE-column alignment
80,DB00286,conjugated estrogens,745,Conjugated estrogens,resolved_by_frequency_matrix,Exact row match after SE-column alignment
81,DB00287,travoprost,308,Travoprost,resolved_by_frequency_matrix,Exact row match after SE-column alignment
82,DB00289,atomoxetine,676,Atomoxetine,resolved_by_frequency_matrix,Exact row match after SE-column alignment
83,DB00290,bleomycin,504,Bleomycin,resolved_by_frequency_matrix,Exact row match after SE-column alignment
84,DB00291,chlorambucil,270,Chlorambucil,resolved_by_frequency_matrix,Exact row match after SE-column alignment
85,DB00293,raltitrexed,207,Raltitrexed,resolved_by_frequency_matrix,Exact row match after SE-column alignment
86,DB00294,etonogestrel,404,Etonogestrel,resolved_by_frequency_matrix,Exact row match after SE-column alignment
87,DB00295,morphine,750,Morphine,resolved_by_frequency_matrix,Exact row match after SE-column alignment
88,DB00296,ropivacaine,456,Ropivacaine,resolved_by_frequency_matrix,Exact row match after SE-column alignment
89,DB00297,bupivacaine,720,Bupivacaine,resolved_by_frequency_matrix,Exact row match after SE-column alignment
90,DB00299,penciclovir,47,Penciclovir,resolved_by_frequency_matrix,Exact row match after SE-column alignment
91,DB00300,tenofovir disoproxil,237,Tenofovir disoproxil,resolved_by_frequency_matrix,Exact row match after SE-column alignment
92,DB00301,flucloxacillin,509,Flucloxacillin,resolved_by_frequency_matrix,Exact row match after SE-column alignment
93,DB00302,tranexamic acid,753,Tranexamic acid,resolved_by_frequency_matrix,Exact row match after SE-column alignment
94,DB00303,ertapenem,62,Ertapenem,resolved_by_frequency_matrix,Exact row match after SE-column alignment
95,DB00307,bexarotene,283,Bexarotene,resolved_by_frequency_matrix,Exact row match after SE-column alignment
96,DB00308,ibutilide,671,Ibutilide,resolved_by_frequency_matrix,Exact row match after SE-column alignment
97,DB00310,chlortalidone,106,Chlorthalidone,resolved_by_frequency_matrix,Exact row match after SE-column alignment
98,DB00313,valproic acid,472,Valproic acid,resolved_by_frequency_matrix,Exact row match after SE-column alignment
99,DB00315,zolmitriptan,369,Zolmitriptan,resolved_by_frequency_matrix,Exact row match after SE-column alignment
100,DB00316,paracetamol,742,Acetaminophen,resolved_by_frequency_matrix,Exact row match after SE-column alignment
101,DB00317,gefitinib,238,Gefitinib,resolved_by_frequency_matrix,Exact row match after SE-column alignment
102,DB00319,piperacillin,664,Piperacillin,resolved_by_frequency_matrix,Exact row match after SE-column alignment
103,DB00320,dihydroergotamine,279,Dihydroergotamine,resolved_by_frequency_matrix,Exact row match after SE-column alignment
104,DB00323,tolcapone,105,Tolcapone,resolved_by_frequency_matrix,Exact row match after SE-column alignment
105,DB00327,hydromorphone,602,Hydromorphone,resolved_by_frequency_matrix,Exact row match after SE-column alignment
106,DB00328,indometacin,168,Indomethacin,resolved_by_frequency_matrix,Exact row match after SE-column alignment
107,DB00331,metformin,356,Metformin,resolved_by_frequency_matrix,Exact row match after SE-column alignment
108,DB00332,ipratropium bromide,55,Ipratropium bromide,resolved_by_frequency_matrix,Exact row match after SE-column alignment
109,DB00334,olanzapine,570,Olanzapine,resolved_by_frequency_matrix,Exact row match after SE-column alignment
110,DB00335,atenolol,667,Atenolol,resolved_by_frequency_matrix,Exact row match after SE-column alignment
111,DB00337,pimecrolimus,269,Pimecrolimus,resolved_by_frequency_matrix,Exact row match after SE-column alignment
112,DB00338,omeprazole,513,Omeprazole,resolved_by_frequency_matrix,Exact row match after SE-column alignment
113,DB00341,cetirizine,79,Cetirizine,resolved_by_frequency_matrix,Exact row match after SE-column alignment
114,DB00343,diltiazem,408,Diltiazem,resolved_by_frequency_matrix,Exact row match after SE-column alignment
115,DB00346,alfuzosin,264,Alfuzosin,resolved_by_frequency_matrix,Exact row match after SE-column alignment
116,DB00348,nitisinone,694,Nitisinone,resolved_by_frequency_matrix,Exact row match after SE-column alignment
117,DB00349,clobazam,728,Clobazam,resolved_by_frequency_matrix,Exact row match after SE-column alignment
118,DB19378,megestrol,704,Megestrol,resolved_by_frequency_matrix,Exact row match after SE-column alignment
119,DB00355,aztreonam,374,Aztreonam,resolved_by_frequency_matrix,Exact row match after SE-column alignment
120,DB00360,sapropterin,526,Sapropterin,resolved_by_frequency_matrix,Exact row match after SE-column alignment
121,DB00361,vinorelbine,347,Vinorelbine,resolved_by_frequency_matrix,Exact row match after SE-column alignment
122,DB00362,anidulafungin,706,Anidulafungin,resolved_by_frequency_matrix,Exact row match after SE-column alignment
123,DB00363,clozapine,746,Clozapine,resolved_by_frequency_matrix,Exact row match after SE-column alignment
124,DB00367,levonorgestrel,453,Levonorgestrel,resolved_by_frequency_matrix,Exact row match after SE-column alignment
125,DB00369,cidofovir,740,Cidofovir,resolved_by_frequency_matrix,Exact row match after SE-column alignment
126,DB00370,mirtazapine,535,Mirtazapine,resolved_by_frequency_matrix,Exact row match after SE-column alignment
127,DB00373,timolol,517,Timolol,resolved_by_frequency_matrix,Exact row match after SE-column alignment
128,DB00374,treprostinil,443,Treprostinil,resolved_by_frequency_matrix,Exact row match after SE-column alignment
129,DB00377,palonosetron,253,Palonosetron,resolved_by_frequency_matrix,Exact row match after SE-column alignment
130,DB00379,mexiletine,200,Mexiletine,resolved_by_frequency_matrix,Exact row match after SE-column alignment
131,DB00380,dexrazoxane,734,Dexrazoxane,resolved_by_frequency_matrix,Exact row match after SE-column alignment
132,DB00381,amlodipine,387,Amlodipine,resolved_by_frequency_matrix,Exact row match after SE-column alignment
133,DB00390,digoxin,542,Digoxin,resolved_by_frequency_matrix,Exact row match after SE-column alignment
134,DB00393,nimodipine,682,Nimodipine,resolved_by_frequency_matrix,Exact row match after SE-column alignment
135,DB00394,beclometasone,73,Beclomethasone,resolved_by_frequency_matrix,Exact row match after SE-column alignment
136,DB00396,progesterone,317,Progesterone,resolved_by_frequency_matrix,Exact row match after SE-column alignment
137,DB00398,sorafenib,649,Sorafenib,resolved_by_frequency_matrix,Exact row match after SE-column alignment
138,DB00399,zoledronic acid,385,Zoledronic acid,resolved_by_frequency_matrix,Exact row match after SE-column alignment
139,DB00401,nisoldipine,684,Nisoldipine,resolved_by_frequency_matrix,Exact row match after SE-column alignment
140,DB00402,eszopiclone,551,Eszopiclone,resolved_by_frequency_matrix,Exact row match after SE-column alignment
141,DB00404,alprazolam,436,Alprazolam,resolved_by_frequency_matrix,Exact row match after SE-column alignment
142,DB00408,loxapine,606,Loxapine,resolved_by_frequency_matrix,Exact row match after SE-column alignment
143,DB00410,mupirocin,244,Mupirocin,resolved_by_frequency_matrix,Exact row match after SE-column alignment
144,DB00412,rosiglitazone,462,Rosiglitazone,resolved_by_frequency_matrix,Exact row match after SE-column alignment
145,DB00413,pramipexole,259,Pramipexole,resolved_by_frequency_matrix,Exact row match after SE-column alignment
146,DB00419,miglustat,146,Miglustat,resolved_by_frequency_matrix,Exact row match after SE-column alignment
147,DB00422,methylphenidate,319,Methylphenidate,resolved_by_frequency_matrix,Exact row match after SE-column alignment
148,DB00424,hyoscyamine,427,Hyoscyamine,resolved_by_frequency_matrix,Exact row match after SE-column alignment
149,DB00425,zolpidem,359,Zolpidem,resolved_by_frequency_matrix,Exact row match after SE-column alignment
150,DB00426,famciclovir,88,Famciclovir,resolved_by_frequency_matrix,Exact row match after SE-column alignment
151,DB00428,streptozocin,579,Streptozocin,resolved_by_frequency_matrix,Exact row match after SE-column alignment
152,DB00437,allopurinol,263,Allopurinol,resolved_by_frequency_matrix,Exact row match after SE-column alignment
153,DB00438,ceftazidime,227,Ceftazidime,resolved_by_frequency_matrix,Exact row match after SE-column alignment
154,DB00439,cerivastatin,361,Cerivastatin,resolved_by_frequency_matrix,Exact row match after SE-column alignment
155,DB00440,trimethoprim,505,Trimethoprim,resolved_by_frequency_matrix,Exact row match after SE-column alignment
156,DB00441,gemcitabine,725,Gemcitabine,resolved_by_frequency_matrix,Exact row match after SE-column alignment
157,DB00442,entecavir,371,Entecavir,resolved_by_frequency_matrix,Exact row match after SE-column alignment
158,DB00444,teniposide,439,Teniposide,resolved_by_frequency_matrix,Exact row match after SE-column alignment
159,DB00445,epirubicin,614,Epirubicin,resolved_by_frequency_matrix,Exact row match after SE-column alignment
160,DB00448,lansoprazole,652,Lansoprazole,resolved_by_frequency_matrix,Exact row match after SE-column alignment
161,DB00455,loratadine,538,Loratadine,resolved_by_frequency_matrix,Exact row match after SE-column alignment
162,DB00457,prazosin,335,Prazosin,resolved_by_frequency_matrix,Exact row match after SE-column alignment
163,DB00458,imipramine,68,Imipramine,resolved_by_frequency_matrix,Exact row match after SE-column alignment
164,DB00459,acitretin,483,Acitretin,resolved_by_frequency_matrix,Exact row match after SE-column alignment
165,DB00460,verteporfin,530,Verteporfin,resolved_by_frequency_matrix,Exact row match after SE-column alignment
166,DB00461,nabumetone,274,Nabumetone,resolved_by_frequency_matrix,Exact row match after SE-column alignment
167,DB00465,ketorolac,91,Ketorolac,resolved_by_frequency_matrix,Exact row match after SE-column alignment
168,DB00471,montelukast,306,Montelukast,resolved_by_frequency_matrix,Exact row match after SE-column alignment
169,DB00472,fluoxetine,584,Fluoxetine,resolved_by_frequency_matrix,Exact row match after SE-column alignment
170,DB00476,duloxetine,51,Duloxetine,resolved_by_frequency_matrix,Exact row match after SE-column alignment
171,DB00478,rimantadine,220,Rimantadine,resolved_by_frequency_matrix,Exact row match after SE-column alignment
172,DB00480,lenalidomide,741,Lenalidomide,resolved_by_frequency_matrix,Exact row match after SE-column alignment
173,DB00481,raloxifene,434,Raloxifene,resolved_by_frequency_matrix,Exact row match after SE-column alignment
174,DB00482,celecoxib,683,Celecoxib,resolved_by_frequency_matrix,Exact row match after SE-column alignment
175,DB00484,brimonidine,158,Brimonidine,resolved_by_frequency_matrix,Exact row match after SE-column alignment
176,DB00485,dicloxacillin,125,Dicloxacillin,resolved_by_frequency_matrix,Exact row match after SE-column alignment
177,DB00486,nabilone,496,Nabilone,resolved_by_frequency_matrix,Exact row match after SE-column alignment
178,DB00489,sotalol,231,Sotalol,resolved_by_frequency_matrix,Exact row match after SE-column alignment
179,DB00490,buspirone,719,Buspirone,resolved_by_frequency_matrix,Exact row match after SE-column alignment
180,DB00492,fosinopril,557,Fosinopril,resolved_by_frequency_matrix,Exact row match after SE-column alignment
181,DB00494,entacapone,89,Entacapone,resolved_by_frequency_matrix,Exact row match after SE-column alignment
182,DB00495,zidovudine,596,Zidovudine,resolved_by_frequency_matrix,Exact row match after SE-column alignment
183,DB00496,darifenacin,72,Darifenacin,resolved_by_frequency_matrix,Exact row match after SE-column alignment
184,DB00497,oxycodone,489,Oxycodone,resolved_by_frequency_matrix,Exact row match after SE-column alignment
185,DB00499,flutamide,705,Flutamide,resolved_by_frequency_matrix,Exact row match after SE-column alignment
186,DB00501,cimetidine,446,Cimetidine,resolved_by_frequency_matrix,Exact row match after SE-column alignment
187,DB00502,haloperidol,574,Haloperidol,resolved_by_frequency_matrix,Exact row match after SE-column alignment
188,DB00503,ritonavir,137,Ritonavir,resolved_by_frequency_matrix,Exact row match after SE-column alignment
189,DB00507,nitazoxanide,81,Nitazoxanide,resolved_by_frequency_matrix,Exact row match after SE-column alignment
190,DB00512,vancomycin,393,Vancomycin,resolved_by_frequency_matrix,Exact row match after SE-column alignment
191,DB00514,dextromethorphan,658,Dextromethorphan,resolved_by_frequency_matrix,Exact row match after SE-column alignment
192,DB00518,albendazole,211,Albendazole,resolved_by_frequency_matrix,Exact row match after SE-column alignment
193,DB00519,trandolapril,108,Trandolapril,resolved_by_frequency_matrix,Exact row match after SE-column alignment
194,DB00520,caspofungin,423,Caspofungin,resolved_by_frequency_matrix,Exact row match after SE-column alignment
195,DB00523,alitretinoin,713,Alitretinoin,resolved_by_frequency_matrix,Exact row match after SE-column alignment
196,DB00524,metolazone,196,Metolazone,resolved_by_frequency_matrix,Exact row match after SE-column alignment
197,DB00526,oxaliplatin,153,Oxaliplatin,resolved_by_frequency_matrix,Exact row match after SE-column alignment
198,DB00528,lercanidipine,49,Lercanidipine,resolved_by_frequency_matrix,Exact row match after SE-column alignment
199,DB00529,foscarnet,619,Foscarnet,resolved_by_frequency_matrix,Exact row match after SE-column alignment
200,DB00530,erlotinib,739,Erlotinib,resolved_by_frequency_matrix,Exact row match after SE-column alignment
201,DB00531,cyclophosphamide,627,Cyclophosphamide,resolved_by_frequency_matrix,Exact row match after SE-column alignment
202,DB00533,rofecoxib,680,Rofecoxib,resolved_by_frequency_matrix,Exact row match after SE-column alignment
203,DB00537,ciprofloxacin,381,Ciprofloxacin,resolved_by_frequency_matrix,Exact row match after SE-column alignment
204,DB00538,gadoversetamide,74,Gadoversetamide,resolved_by_frequency_matrix,Exact row match after SE-column alignment
205,DB00539,toremifene,87,Toremifene,resolved_by_frequency_matrix,Exact row match after SE-column alignment
206,DB00541,vincristine,266,Vincristine,resolved_by_frequency_matrix,Exact row match after SE-column alignment
207,DB00542,benazepril,583,Benazepril,resolved_by_frequency_matrix,Exact row match after SE-column alignment
208,DB00544,fluorouracil,585,Fluorouracil,resolved_by_frequency_matrix,Exact row match after SE-column alignment
209,DB00545,pyridostigmine,166,Pyridostigmine,resolved_by_frequency_matrix,Exact row match after SE-column alignment
210,DB00548,azelaic acid,9,Azelaic acid,resolved_by_frequency_matrix,Exact row match after SE-column alignment
211,DB00549,zafirlukast,250,Zafirlukast,resolved_by_frequency_matrix,Exact row match after SE-column alignment
212,DB00552,pentostatin,617,Pentostatin,resolved_by_frequency_matrix,Exact row match after SE-column alignment
213,DB00554,piroxicam,532,Piroxicam,resolved_by_frequency_matrix,Exact row match after SE-column alignment
214,DB00555,lamotrigine,248,Lamotrigine,resolved_by_frequency_matrix,Exact row match after SE-column alignment
215,DB00558,zanamivir,368,Zanamivir,resolved_by_frequency_matrix,Exact row match after SE-column alignment
216,DB00559,bosentan,113,Bosentan,resolved_by_frequency_matrix,Exact row match after SE-column alignment
217,DB00560,tigecycline,350,Tigecycline,resolved_by_frequency_matrix,Exact row match after SE-column alignment
218,DB00563,methotrexate,312,Methotrexate,resolved_by_frequency_matrix,Exact row match after SE-column alignment
219,DB00564,carbamazepine,331,Carbamazepine,resolved_by_frequency_matrix,Exact row match after SE-column alignment
220,DB00565,cisatracurium,22,Cisatracurium,resolved_by_frequency_matrix,Exact row match after SE-column alignment
221,DB00569,fondaparinux,284,Fondaparinux,resolved_by_frequency_matrix,Exact row match after SE-column alignment
222,DB00571,propranolol,435,Propranolol,resolved_by_frequency_matrix,Exact row match after SE-column alignment
223,DB00575,clonidine,689,Clonidine,resolved_by_frequency_matrix,Exact row match after SE-column alignment
224,DB00577,valaciclovir,567,Valaciclovir,resolved_by_frequency_matrix,Exact row match after SE-column alignment
225,DB00580,valdecoxib,364,Valdecoxib,resolved_by_frequency_matrix,Exact row match after SE-column alignment
226,DB00582,voriconazole,172,Voriconazole,resolved_by_frequency_matrix,Exact row match after SE-column alignment
227,DB00583,levocarnitine,491,Levocarnitine,resolved_by_frequency_matrix,Exact row match after SE-column alignment
228,DB00584,enalapril,138,Enalapril,resolved_by_frequency_matrix,Exact row match after SE-column alignment
229,DB00585,nizatidine,630,Nizatidine,resolved_by_frequency_matrix,Exact row match after SE-column alignment
230,DB00586,diclofenac,126,Diclofenac,resolved_by_frequency_matrix,Exact row match after SE-column alignment
231,DB00590,doxazosin,636,Doxazosin,resolved_by_frequency_matrix,Exact row match after SE-column alignment
232,DB00594,amiloride,99,Amiloride,resolved_by_frequency_matrix,Exact row match after SE-column alignment
233,DB00597,gadoteridol,442,Gadoteridol,resolved_by_frequency_matrix,Exact row match after SE-column alignment
234,DB00598,labetalol,309,Labetalol,resolved_by_frequency_matrix,Exact row match after SE-column alignment
235,DB00601,linezolid,644,Linezolid,resolved_by_frequency_matrix,Exact row match after SE-column alignment
236,DB00602,ivermectin,612,Ivermectin,resolved_by_frequency_matrix,Exact row match after SE-column alignment
237,DB00603,medroxyprogesterone,14,Medroxyprogesterone acetate,resolved_by_frequency_matrix,Exact row match after SE-column alignment
238,DB00611,butorphanol,188,Butorphanol,resolved_by_frequency_matrix,Exact row match after SE-column alignment
239,DB00612,bisoprolol,221,Bisoprolol,resolved_by_frequency_matrix,Exact row match after SE-column alignment
240,DB00615,rifabutin,25,Rifabutin,resolved_by_frequency_matrix,Exact row match after SE-column alignment
241,DB00619,imatinib,107,Imatinib,resolved_by_frequency_matrix,Exact row match after SE-column alignment
242,DB00620,triamcinolone,595,Triamcinolone,resolved_by_frequency_matrix,Exact row match after SE-column alignment
243,DB00624,testosterone,717,Testosterone,resolved_by_frequency_matrix,Exact row match after SE-column alignment
244,DB00625,efavirenz,149,Efavirenz,resolved_by_frequency_matrix,Exact row match after SE-column alignment
245,DB00630,alendronic acid,210,Alendronic acid,resolved_by_frequency_matrix,Exact row match after SE-column alignment
246,DB00631,clofarabine,752,Clofarabine,resolved_by_frequency_matrix,Exact row match after SE-column alignment
247,DB00633,dexmedetomidine,432,Dexmedetomidine,resolved_by_frequency_matrix,Exact row match after SE-column alignment
248,DB00640,adenosine,708,Adenosine,resolved_by_frequency_matrix,Exact row match after SE-column alignment
249,DB00641,simvastatin,618,Simvastatin,resolved_by_frequency_matrix,Exact row match after SE-column alignment
250,DB00642,pemetrexed,320,Pemetrexed,resolved_by_frequency_matrix,Exact row match after SE-column alignment
251,DB00644,gonadorelin,738,Gonadorelin,resolved_by_frequency_matrix,Exact row match after SE-column alignment
252,DB00649,stavudine,747,Stavudine,resolved_by_frequency_matrix,Exact row match after SE-column alignment
253,DB00650,calcium folinate,180,Leucovorin,resolved_by_frequency_matrix,Exact row match after SE-column alignment
254,DB00654,latanoprost,213,Latanoprost,resolved_by_frequency_matrix,Exact row match after SE-column alignment
255,DB00655,estrone,471,Estrone,resolved_by_frequency_matrix,Exact row match after SE-column alignment
256,DB00656,trazodone,33,Trazodone,resolved_by_frequency_matrix,Exact row match after SE-column alignment
257,DB00658,sevelamer,20,Sevelamer,resolved_by_frequency_matrix,Exact row match after SE-column alignment
258,DB00659,acamprosate,228,Acamprosate,resolved_by_frequency_matrix,Exact row match after SE-column alignment
259,DB00661,verapamil,267,Verapamil,resolved_by_frequency_matrix,Exact row match after SE-column alignment
260,DB00665,nilutamide,268,Nilutamide,resolved_by_frequency_matrix,Exact row match after SE-column alignment
261,DB00666,nafarelin,519,Nafarelin,resolved_by_frequency_matrix,Exact row match after SE-column alignment
262,DB00669,sumatriptan,403,Sumatriptan,resolved_by_frequency_matrix,Exact row match after SE-column alignment
263,DB00671,cefixime,23,Cefixime,resolved_by_frequency_matrix,Exact row match after SE-column alignment
264,DB00673,aprepitant,132,Aprepitant,resolved_by_frequency_matrix,Exact row match after SE-column alignment
265,DB00674,galantamine,679,Galantamine,resolved_by_frequency_matrix,Exact row match after SE-column alignment
266,DB00675,tamoxifen,500,Tamoxifen,resolved_by_frequency_matrix,Exact row match after SE-column alignment
267,DB00678,losartan,607,Losartan,resolved_by_frequency_matrix,Exact row match after SE-column alignment
268,DB00681,amphotericin B,156,Amphotericin B,resolved_by_frequency_matrix,Exact row match after SE-column alignment
269,DB00683,midazolam,183,Midazolam,resolved_by_frequency_matrix,Exact row match after SE-column alignment
270,DB00684,tobramycin,236,Tobramycin,resolved_by_frequency_matrix,Exact row match after SE-column alignment
271,DB00685,trovafloxacin,569,Trovafloxacin,resolved_by_frequency_matrix,Exact row match after SE-column alignment
272,DB00686,pentosan polysulfate sodium,298,Pentosan polysulfate,resolved_by_frequency_matrix,Exact row match after SE-column alignment
273,DB00691,moexipril,42,Moexipril,resolved_by_frequency_matrix,Exact row match after SE-column alignment
274,DB00692,phentolamine,590,Phentolamine,resolved_by_frequency_matrix,Exact row match after SE-column alignment
275,DB00693,fluorescein,566,Fluorescein,resolved_by_frequency_matrix,Exact row match after SE-column alignment
276,DB00694,daunorubicin,193,Daunorubicin,resolved_by_frequency_matrix,Exact row match after SE-column alignment
277,DB00695,furosemide,445,Furosemide,resolved_by_frequency_matrix,Exact row match after SE-column alignment
278,DB00697,tizanidine,291,Tizanidine,resolved_by_frequency_matrix,Exact row match after SE-column alignment
279,DB00700,eplerenone,660,Eplerenone,resolved_by_frequency_matrix,Exact row match after SE-column alignment
280,DB00701,amprenavir,420,Amprenavir,resolved_by_frequency_matrix,Exact row match after SE-column alignment
281,DB00704,naltrexone,611,Naltrexone,resolved_by_frequency_matrix,Exact row match after SE-column alignment
282,DB00705,delavirdine,39,Delavirdine,resolved_by_frequency_matrix,Exact row match after SE-column alignment
283,DB00706,tamsulosin,700,Tamsulosin,resolved_by_frequency_matrix,Exact row match after SE-column alignment
284,DB00707,porfimer sodium,96,Porfimer sodium,resolved_by_frequency_matrix,Exact row match after SE-column alignment
285,DB00708,sufentanil,21,Sufentanil,resolved_by_frequency_matrix,Exact row match after SE-column alignment
286,DB00709,lamivudine,5,Lamivudine,resolved_by_frequency_matrix,Exact row match after SE-column alignment
287,DB00710,ibandronic acid,366,Ibandronate,resolved_by_frequency_matrix,Exact row match after SE-column alignment
288,DB00714,apomorphine,663,Apomorphine,resolved_by_frequency_matrix,Exact row match after SE-column alignment
289,DB00715,paroxetine,328,Paroxetine,resolved_by_frequency_matrix,Exact row match after SE-column alignment
290,DB00718,adefovir dipivoxil,255,Adefovir dipivoxil,resolved_by_frequency_matrix,Exact row match after SE-column alignment
291,DB00722,lisinopril,634,Lisinopril,resolved_by_frequency_matrix,Exact row match after SE-column alignment
292,DB00724,imiquimod,722,Imiquimod,resolved_by_frequency_matrix,Exact row match after SE-column alignment
293,DB00727,glyceryl trinitrate,160,Nitroglycerin,resolved_by_frequency_matrix,Exact row match after SE-column alignment
294,DB00731,nateglinide,59,Nateglinide,resolved_by_frequency_matrix,Exact row match after SE-column alignment
295,DB00734,risperidone,218,Risperidone,resolved_by_frequency_matrix,Exact row match after SE-column alignment
296,DB00735,naftifine,181,Naftifine,resolved_by_frequency_matrix,Exact row match after SE-column alignment
297,DB00736,esomeprazole,543,Esomeprazole,resolved_by_frequency_matrix,Exact row match after SE-column alignment
298,DB00738,pentamidine isethionate,3,Pentamidine,resolved_by_frequency_matrix,Exact row match after SE-column alignment
299,DB00740,riluzole,219,Riluzole,resolved_by_frequency_matrix,Exact row match after SE-column alignment
300,DB00741,hydrocortisone,476,Hydrocortisone,resolved_by_frequency_matrix,Exact row match after SE-column alignment
301,DB00742,mannitol,234,Mannitol,resolved_by_frequency_matrix,Exact row match after SE-column alignment
302,DB00743,gadobenic acid,164,Gadobenic acid,resolved_by_frequency_matrix,Exact row match after SE-column alignment
303,DB00745,modafinil,477,Modafinil,resolved_by_frequency_matrix,Exact row match after SE-column alignment
304,DB00746,deferoxamine,458,Deferoxamine,resolved_by_frequency_matrix,Exact row match after SE-column alignment
305,DB00755,tretinoin,714,Tretinoin,resolved_by_frequency_matrix,Exact row match after SE-column alignment
306,DB00757,dolasetron,276,Dolasetron,resolved_by_frequency_matrix,Exact row match after SE-column alignment
307,DB00758,clopidogrel,573,Clopidogrel,resolved_by_frequency_matrix,Exact row match after SE-column alignment
308,DB00760,meropenem,511,Meropenem,resolved_by_frequency_matrix,Exact row match after SE-column alignment
309,DB00762,irinotecan,50,Irinotecan,resolved_by_frequency_matrix,Exact row match after SE-column alignment
310,DB00768,olopatadine,468,Olopatadine,resolved_by_frequency_matrix,Exact row match after SE-column alignment
311,DB00770,alprostadil,130,Alprostadil,resolved_by_frequency_matrix,Exact row match after SE-column alignment
312,DB00773,etoposide,674,Etoposide,resolved_by_frequency_matrix,Exact row match after SE-column alignment
313,DB00775,tirofiban,608,Tirofiban,resolved_by_frequency_matrix,Exact row match after SE-column alignment
314,DB00776,oxcarbazepine,127,Oxcarbazepine,resolved_by_frequency_matrix,Exact row match after SE-column alignment
315,DB00783,estradiol,475,Estradiol,resolved_by_frequency_matrix,Exact row match after SE-column alignment
316,DB00787,aciclovir,449,Aciclovir,resolved_by_frequency_matrix,Exact row match after SE-column alignment
317,DB00788,naproxen,751,Naproxen,resolved_by_frequency_matrix,Exact row match after SE-column alignment
318,DB00790,perindopril,327,Perindopril,resolved_by_frequency_matrix,Exact row match after SE-column alignment
319,DB00795,sulfasalazine,303,Sulfasalazine,resolved_by_frequency_matrix,Exact row match after SE-column alignment
320,DB00799,tazarotene,224,Tazarotene,resolved_by_frequency_matrix,Exact row match after SE-column alignment
321,DB00802,alfentanil,0,Alfentanil,resolved_by_frequency_matrix,Exact row match after SE-column alignment
322,DB00804,dicycloverine,523,Dicyclomine,resolved_by_frequency_matrix,Exact row match after SE-column alignment
323,DB00806,pentoxifylline,147,Pentoxifylline,resolved_by_frequency_matrix,Exact row match after SE-column alignment
324,DB00808,indapamide,615,Indapamide,resolved_by_frequency_matrix,Exact row match after SE-column alignment
325,DB00811,ribavirin,71,Ribavirin,resolved_by_frequency_matrix,Exact row match after SE-column alignment
326,DB00813,fentanyl,30,Fentanyl,resolved_by_frequency_matrix,Exact row match after SE-column alignment
327,DB00814,meloxicam,485,Meloxicam,resolved_by_frequency_matrix,Exact row match after SE-column alignment
328,DB00816,orciprenaline,310,Orciprenaline,resolved_by_frequency_matrix,Exact row match after SE-column alignment
329,DB00820,tadalafil,40,Tadalafil,resolved_by_frequency_matrix,Exact row match after SE-column alignment
330,DB00828,fosfomycin,365,Fosfomycin,resolved_by_frequency_matrix,Exact row match after SE-column alignment
331,DB00829,diazepam,235,Diazepam,resolved_by_frequency_matrix,Exact row match after SE-column alignment
332,DB00833,cefaclor,251,Cefaclor,resolved_by_frequency_matrix,Exact row match after SE-column alignment
333,DB00834,mifepristone,360,Mifepristone,resolved_by_frequency_matrix,Exact row match after SE-column alignment
334,DB00843,donepezil,635,Donepezil,resolved_by_frequency_matrix,Exact row match after SE-column alignment
335,DB00847,mercaptamine,506,Cysteamine,resolved_by_frequency_matrix,Exact row match after SE-column alignment
336,DB00851,dacarbazine,486,Dacarbazine,resolved_by_frequency_matrix,Exact row match after SE-column alignment
337,DB00853,temozolomide,282,Temozolomide,resolved_by_frequency_matrix,Exact row match after SE-column alignment
338,DB00855,aminolevulinic acid,620,Aminolevulinic acid,resolved_by_frequency_matrix,Exact row match after SE-column alignment
339,DB00857,terbinafine,45,Terbinafine,resolved_by_frequency_matrix,Exact row match after SE-column alignment
340,DB00859,penicillamine,4,Penicillamine,resolved_by_frequency_matrix,Exact row match after SE-column alignment
341,DB00862,vardenafil,41,Vardenafil,resolved_by_frequency_matrix,Exact row match after SE-column alignment
342,DB00864,tacrolimus,123,Tacrolimus,resolved_by_frequency_matrix,Exact row match after SE-column alignment
343,DB00871,terbutaline,639,Terbutaline,resolved_by_frequency_matrix,Exact row match after SE-column alignment
344,DB00872,conivaptan,185,Conivaptan,resolved_by_frequency_matrix,Exact row match after SE-column alignment
345,DB00876,eprosartan,691,Eprosartan,resolved_by_frequency_matrix,Exact row match after SE-column alignment
346,DB00877,sirolimus,429,Sirolimus,resolved_by_frequency_matrix,Exact row match after SE-column alignment
347,DB00879,emtricitabine,256,Emtricitabine,resolved_by_frequency_matrix,Exact row match after SE-column alignment
348,DB00881,quinapril,732,Quinapril,resolved_by_frequency_matrix,Exact row match after SE-column alignment
349,DB00882,clomifene,174,Clomifene,resolved_by_frequency_matrix,Exact row match after SE-column alignment
350,DB00884,risedronic acid,293,Risedronic acid,resolved_by_frequency_matrix,Exact row match after SE-column alignment
351,DB00887,bumetanide,721,Bumetanide,resolved_by_frequency_matrix,Exact row match after SE-column alignment
352,DB00888,chlormethine,43,Mechlorethamine,resolved_by_frequency_matrix,Exact row match after SE-column alignment
353,DB00889,granisetron,547,Granisetron,resolved_by_frequency_matrix,Exact row match after SE-column alignment
354,DB00897,triazolam,696,Triazolam,resolved_by_frequency_matrix,Exact row match after SE-column alignment
355,DB00899,remifentanil,145,Remifentanil,resolved_by_frequency_matrix,Exact row match after SE-column alignment
356,DB00900,didanosine,184,Didanosine,resolved_by_frequency_matrix,Exact row match after SE-column alignment
357,DB00904,ondansetron,514,Ondansetron,resolved_by_frequency_matrix,Exact row match after SE-column alignment
358,DB00905,bimatoprost,656,Bimatoprost,resolved_by_frequency_matrix,Exact row match after SE-column alignment
359,DB00906,tiagabine,18,Tiagabine,resolved_by_frequency_matrix,Exact row match after SE-column alignment
360,DB00908,quinidine,534,Quinidine,resolved_by_frequency_matrix,Exact row match after SE-column alignment
361,DB00909,zonisamide,357,Zonisamide,resolved_by_frequency_matrix,Exact row match after SE-column alignment
362,DB00910,paricalcitol,459,Paricalcitol,resolved_by_frequency_matrix,Exact row match after SE-column alignment
363,DB00911,tinidazole,122,Tinidazole,resolved_by_frequency_matrix,Exact row match after SE-column alignment
364,DB00912,repaglinide,92,Repaglinide,resolved_by_frequency_matrix,Exact row match after SE-column alignment
365,DB00915,amantadine,563,Amantadine,resolved_by_frequency_matrix,Exact row match after SE-column alignment
366,DB00916,metronidazole,198,Metronidazole,resolved_by_frequency_matrix,Exact row match after SE-column alignment
367,DB00918,almotriptan,83,Almotriptan,resolved_by_frequency_matrix,Exact row match after SE-column alignment
368,DB00921,buprenorphine,743,Buprenorphine,resolved_by_frequency_matrix,Exact row match after SE-column alignment
369,DB00922,levosimendan,344,Levosimendan,resolved_by_frequency_matrix,Exact row match after SE-column alignment
370,DB00924,cyclobenzaprine,305,Cyclobenzaprine,resolved_by_frequency_matrix,Exact row match after SE-column alignment
371,DB00927,famotidine,622,Famotidine,resolved_by_frequency_matrix,Exact row match after SE-column alignment
372,DB00928,azacitidine,613,Azacitidine,resolved_by_frequency_matrix,Exact row match after SE-column alignment
373,DB00929,misoprostol,531,Misoprostol,resolved_by_frequency_matrix,Exact row match after SE-column alignment
374,DB00930,colesevelam,124,Colesevelam,resolved_by_frequency_matrix,Exact row match after SE-column alignment
375,DB00932,tipranavir,16,Tipranavir,resolved_by_frequency_matrix,Exact row match after SE-column alignment
376,DB00934,maprotiline,709,Maprotiline,resolved_by_frequency_matrix,Exact row match after SE-column alignment
377,DB00938,salmeterol,723,Salmeterol,resolved_by_frequency_matrix,Exact row match after SE-column alignment
378,DB00947,fulvestrant,157,Fulvestrant,resolved_by_frequency_matrix,Exact row match after SE-column alignment
379,DB00949,felbamate,173,Felbamate,resolved_by_frequency_matrix,Exact row match after SE-column alignment
380,DB00950,fexofenadine,27,Fexofenadine,resolved_by_frequency_matrix,Exact row match after SE-column alignment
381,DB00952,naratriptan,497,Naratriptan,resolved_by_frequency_matrix,Exact row match after SE-column alignment
382,DB00953,rizatriptan,217,Rizatriptan,resolved_by_frequency_matrix,Exact row match after SE-column alignment
383,DB00956,hydrocodone,548,Hydrocodone,resolved_by_frequency_matrix,Exact row match after SE-column alignment
384,DB00958,carboplatin,549,Carboplatin,resolved_by_frequency_matrix,Exact row match after SE-column alignment
385,DB00960,pindolol,64,Pindolol,resolved_by_frequency_matrix,Exact row match after SE-column alignment
386,DB00962,zaleplon,249,Zaleplon,resolved_by_frequency_matrix,Exact row match after SE-column alignment
387,DB00964,apraclonidine,154,Apraclonidine,resolved_by_frequency_matrix,Exact row match after SE-column alignment
388,DB00966,telmisartan,140,Telmisartan,resolved_by_frequency_matrix,Exact row match after SE-column alignment
389,DB00967,desloratadine,323,Desloratadine,resolved_by_frequency_matrix,Exact row match after SE-column alignment
390,DB00969,alosetron,177,Alosetron,resolved_by_frequency_matrix,Exact row match after SE-column alignment
391,DB00972,azelastine,10,Azelastine,resolved_by_frequency_matrix,Exact row match after SE-column alignment
392,DB00973,ezetimibe,422,Ezetimibe,resolved_by_frequency_matrix,Exact row match after SE-column alignment
393,DB00975,dipyridamole,352,Dipyridamole,resolved_by_frequency_matrix,Exact row match after SE-column alignment
394,DB00976,telithromycin,1,Telithromycin,resolved_by_frequency_matrix,Exact row match after SE-column alignment
395,DB00978,lomefloxacin,479,Lomefloxacin,resolved_by_frequency_matrix,Exact row match after SE-column alignment
396,DB00980,ramelteon,247,Ramelteon,resolved_by_frequency_matrix,Exact row match after SE-column alignment
397,DB00982,isotretinoin,411,Isotretinoin,resolved_by_frequency_matrix,Exact row match after SE-column alignment
398,DB00983,formoterol,726,Formoterol,resolved_by_frequency_matrix,Exact row match after SE-column alignment
399,DB00986,glycopyrronium bromide,262,Glycopyrronium,resolved_by_frequency_matrix,Exact row match after SE-column alignment
400,DB00987,cytarabine,277,Cytarabine,resolved_by_frequency_matrix,Exact row match after SE-column alignment
401,DB00989,rivastigmine,465,Rivastigmine,resolved_by_frequency_matrix,Exact row match after SE-column alignment
402,DB00990,exemestane,334,Exemestane,resolved_by_frequency_matrix,Exact row match after SE-column alignment
403,DB00992,methyl aminolevulinate,32,Methyl aminolevulinate,resolved_by_frequency_matrix,Exact row match after SE-column alignment
404,DB00993,azathioprine,11,Azathioprine,resolved_by_frequency_matrix,Exact row match after SE-column alignment
405,DB00995,auranofin,461,Auranofin,resolved_by_frequency_matrix,Exact row match after SE-column alignment
406,DB00996,gabapentin,444,Gabapentin,resolved_by_frequency_matrix,Exact row match after SE-column alignment
407,DB00997,doxorubicin,669,Doxorubicin,resolved_by_frequency_matrix,Exact row match after SE-column alignment
408,DB00998,frovatriptan,467,Frovatriptan,resolved_by_frequency_matrix,Exact row match after SE-column alignment
409,DB00999,hydrochlorothiazide,609,Hydrochlorothiazide,resolved_by_frequency_matrix,Exact row match after SE-column alignment
410,DB01001,salbutamol,212,Salbutamol,resolved_by_frequency_matrix,Exact row match after SE-column alignment
411,DB01002,levobupivacaine,86,Levobupivacaine,resolved_by_frequency_matrix,Exact row match after SE-column alignment
412,DB01003,cromoglicic acid,245,Cromoglicic acid,resolved_by_frequency_matrix,Exact row match after SE-column alignment
413,DB01004,ganciclovir,389,Ganciclovir,resolved_by_frequency_matrix,Exact row match after SE-column alignment
414,DB01005,hydroxycarbamide,265,Hydroxyurea,resolved_by_frequency_matrix,Exact row match after SE-column alignment
415,DB01006,letrozole,254,Letrozole,resolved_by_frequency_matrix,Exact row match after SE-column alignment
416,DB01008,busulfan,724,Busulfan,resolved_by_frequency_matrix,Exact row match after SE-column alignment
417,DB01011,metyrapone,576,Metyrapone,resolved_by_frequency_matrix,Exact row match after SE-column alignment
418,DB01012,cinacalcet,354,Cinacalcet,resolved_by_frequency_matrix,Exact row match after SE-column alignment
419,DB01014,balsalazide,698,Balsalazide,resolved_by_frequency_matrix,Exact row match after SE-column alignment
420,,sulfamethoxazole and trimethoprim,501,,resolved_by_frequency_matrix,Exact row match after SE-column alignment
421,DB01017,minocycline,744,Minocycline,resolved_by_frequency_matrix,Exact row match after SE-column alignment
422,DB01018,guanfacine,19,Guanfacine,resolved_by_frequency_matrix,Exact row match after SE-column alignment
423,DB01020,isosorbide mononitrate,536,Isosorbide mononitrate,resolved_by_frequency_matrix,Exact row match after SE-column alignment
424,DB01024,mycophenolic acid,527,Mycophenolic acid,resolved_by_frequency_matrix,Exact row match after SE-column alignment
425,DB01025,amlexanox,386,Amlexanox,resolved_by_frequency_matrix,Exact row match after SE-column alignment
426,DB01029,irbesartan,54,Irbesartan,resolved_by_frequency_matrix,Exact row match after SE-column alignment
427,DB01030,topotecan,273,Topotecan,resolved_by_frequency_matrix,Exact row match after SE-column alignment
428,DB01036,tolterodine,568,Tolterodine,resolved_by_frequency_matrix,Exact row match after SE-column alignment
429,DB01037,selegiline,592,Selegiline,resolved_by_frequency_matrix,Exact row match after SE-column alignment
430,DB01039,fenofibrate,176,Fenofibrate,resolved_by_frequency_matrix,Exact row match after SE-column alignment
431,DB01041,thalidomide,749,Thalidomide,resolved_by_frequency_matrix,Exact row match after SE-column alignment
432,DB01042,melphalan,46,Melphalan,resolved_by_frequency_matrix,Exact row match after SE-column alignment
433,DB01043,memantine,484,Memantine,resolved_by_frequency_matrix,Exact row match after SE-column alignment
434,DB01044,gatifloxacin,525,Gatifloxacin,resolved_by_frequency_matrix,Exact row match after SE-column alignment
435,DB01046,lubiprostone,31,Lubiprostone,resolved_by_frequency_matrix,Exact row match after SE-column alignment
436,DB01047,fluocinonide,735,Fluocinonide,resolved_by_frequency_matrix,Exact row match after SE-column alignment
437,DB01048,abacavir,710,Abacavir,resolved_by_frequency_matrix,Exact row match after SE-column alignment
438,DB01050,ibuprofen,375,Ibuprofen,resolved_by_frequency_matrix,Exact row match after SE-column alignment
439,DB01059,norfloxacin,430,Norfloxacin,resolved_by_frequency_matrix,Exact row match after SE-column alignment
440,DB01060,amoxicillin,450,Amoxicillin,resolved_by_frequency_matrix,Exact row match after SE-column alignment
441,DB01062,oxybutynin,98,Oxybutynin,resolved_by_frequency_matrix,Exact row match after SE-column alignment
442,DB01067,glipizide,287,Glipizide,resolved_by_frequency_matrix,Exact row match after SE-column alignment
443,DB01068,clonazepam,688,Clonazepam,resolved_by_frequency_matrix,Exact row match after SE-column alignment
444,DB01072,atazanavir,524,Atazanavir,resolved_by_frequency_matrix,Exact row match after SE-column alignment
445,DB01073,fludarabine,657,Fludarabine,resolved_by_frequency_matrix,Exact row match after SE-column alignment
446,DB01076,atorvastatin,6,Atorvastatin,resolved_by_frequency_matrix,Exact row match after SE-column alignment
447,DB01079,tegaserod,487,Tegaserod,resolved_by_frequency_matrix,Exact row match after SE-column alignment
448,DB01080,vigabatrin,243,Vigabatrin,resolved_by_frequency_matrix,Exact row match after SE-column alignment
449,DB01082,streptomycin,272,Streptomycin,resolved_by_frequency_matrix,Exact row match after SE-column alignment
450,DB01083,orlistat,729,Orlistat,resolved_by_frequency_matrix,Exact row match after SE-column alignment
451,DB01085,pilocarpine,329,Pilocarpine,resolved_by_frequency_matrix,Exact row match after SE-column alignment
452,DB01088,iloprost,63,Iloprost,resolved_by_frequency_matrix,Exact row match after SE-column alignment
453,DB01095,fluvastatin,363,Fluvastatin,resolved_by_frequency_matrix,Exact row match after SE-column alignment
454,DB01097,leflunomide,599,Leflunomide,resolved_by_frequency_matrix,Exact row match after SE-column alignment
455,DB01098,rosuvastatin,362,Rosuvastatin,resolved_by_frequency_matrix,Exact row match after SE-column alignment
456,DB01100,pimozide,209,Pimozide,resolved_by_frequency_matrix,Exact row match after SE-column alignment
457,DB01101,capecitabine,554,Capecitabine,resolved_by_frequency_matrix,Exact row match after SE-column alignment
458,DB01104,sertraline,673,Sertraline,resolved_by_frequency_matrix,Exact row match after SE-column alignment
459,DB01109,heparin,455,Heparin,resolved_by_frequency_matrix,Exact row match after SE-column alignment
460,DB01110,miconazole,241,Miconazole,resolved_by_frequency_matrix,Exact row match after SE-column alignment
461,DB01115,nifedipine,624,Nifedipine,resolved_by_frequency_matrix,Exact row match after SE-column alignment
462,DB01117,atovaquone,539,Atovaquone,resolved_by_frequency_matrix,Exact row match after SE-column alignment
463,DB01118,amiodarone,693,Amiodarone,resolved_by_frequency_matrix,Exact row match after SE-column alignment
464,DB01120,gliclazide,150,Gliclazide,resolved_by_frequency_matrix,Exact row match after SE-column alignment
465,DB01128,bicalutamide,405,Bicalutamide,resolved_by_frequency_matrix,Exact row match after SE-column alignment
466,DB01129,rabeprazole,494,Rabeprazole,resolved_by_frequency_matrix,Exact row match after SE-column alignment
467,DB01132,pioglitazone,65,Pioglitazone,resolved_by_frequency_matrix,Exact row match after SE-column alignment
468,DB01136,carvedilol,495,Carvedilol,resolved_by_frequency_matrix,Exact row match after SE-column alignment
469,DB01137,levofloxacin,685,Levofloxacin,resolved_by_frequency_matrix,Exact row match after SE-column alignment
470,DB01141,micafungin,340,Micafungin,resolved_by_frequency_matrix,Exact row match after SE-column alignment
471,DB01142,doxepin,637,Doxepin,resolved_by_frequency_matrix,Exact row match after SE-column alignment
472,DB01149,nefazodone,499,Nefazodone,resolved_by_frequency_matrix,Exact row match after SE-column alignment
473,DB01150,cefprozil,528,Cefprozil,resolved_by_frequency_matrix,Exact row match after SE-column alignment
474,DB01155,gemifloxacin,199,Gemifloxacin,resolved_by_frequency_matrix,Exact row match after SE-column alignment
475,DB01156,bupropion,588,Bupropion,resolved_by_frequency_matrix,Exact row match after SE-column alignment
476,DB01157,trimetrexate,410,Trimetrexate,resolved_by_frequency_matrix,Exact row match after SE-column alignment
477,DB01162,terazosin,640,Terazosin,resolved_by_frequency_matrix,Exact row match after SE-column alignment
478,DB01165,ofloxacin,571,Ofloxacin,resolved_by_frequency_matrix,Exact row match after SE-column alignment
479,DB01166,cilostazol,447,Cilostazol,resolved_by_frequency_matrix,Exact row match after SE-column alignment
480,DB01167,itraconazole,707,Itraconazole,resolved_by_frequency_matrix,Exact row match after SE-column alignment
481,DB01169,arsenic trioxide,110,Arsenic trioxide,resolved_by_frequency_matrix,Exact row match after SE-column alignment
482,DB01175,escitalopram,397,Escitalopram,resolved_by_frequency_matrix,Exact row match after SE-column alignment
483,DB01177,idarubicin,358,Idarubicin,resolved_by_frequency_matrix,Exact row match after SE-column alignment
484,DB01179,podophyllotoxin,730,Podofilox,resolved_by_frequency_matrix,Exact row match after SE-column alignment
485,DB01180,rescinnamine,330,Rescinnamine,resolved_by_frequency_matrix,Exact row match after SE-column alignment
486,DB01181,ifosfamide,66,Ifosfamide,resolved_by_frequency_matrix,Exact row match after SE-column alignment
487,DB01182,propafenone,502,Propafenone,resolved_by_frequency_matrix,Exact row match after SE-column alignment
488,DB01186,pergolide,239,Pergolide,resolved_by_frequency_matrix,Exact row match after SE-column alignment
489,DB01188,ciclopirox,515,Ciclopirox,resolved_by_frequency_matrix,Exact row match after SE-column alignment
490,DB01189,desflurane,625,Desflurane,resolved_by_frequency_matrix,Exact row match after SE-column alignment
491,DB01190,clindamycin,641,Clindamycin,resolved_by_frequency_matrix,Exact row match after SE-column alignment
492,DB01193,acebutolol,116,Acebutolol,resolved_by_frequency_matrix,Exact row match after SE-column alignment
493,DB01194,brinzolamide,353,Brinzolamide,resolved_by_frequency_matrix,Exact row match after SE-column alignment
494,DB01195,flecainide,80,Flecainide,resolved_by_frequency_matrix,Exact row match after SE-column alignment
495,DB01196,estramustine,414,Estramustine,resolved_by_frequency_matrix,Exact row match after SE-column alignment
496,DB01200,bromocriptine,135,Bromocriptine,resolved_by_frequency_matrix,Exact row match after SE-column alignment
497,DB01202,levetiracetam,8,Levetiracetam,resolved_by_frequency_matrix,Exact row match after SE-column alignment
498,DB01203,nadolol,190,Nadolol,resolved_by_frequency_matrix,Exact row match after SE-column alignment
499,DB01204,mitoxantrone,587,Mitoxantrone,resolved_by_frequency_matrix,Exact row match after SE-column alignment
500,DB01208,sparfloxacin,111,Sparfloxacin,resolved_by_frequency_matrix,Exact row match after SE-column alignment
501,DB01211,clarithromycin,275,Clarithromycin,resolved_by_frequency_matrix,Exact row match after SE-column alignment
502,DB01212,ceftriaxone,383,Ceftriaxone,resolved_by_frequency_matrix,Exact row match after SE-column alignment
503,DB01215,estazolam,341,Estazolam,resolved_by_frequency_matrix,Exact row match after SE-column alignment
504,DB01216,finasteride,448,Finasteride,resolved_by_frequency_matrix,Exact row match after SE-column alignment
505,DB01217,anastrozole,152,Anastrozole,resolved_by_frequency_matrix,Exact row match after SE-column alignment
506,DB01218,halofantrine,345,Halofantrine,resolved_by_frequency_matrix,Exact row match after SE-column alignment
507,DB01219,dantrolene,647,Dantrolene,resolved_by_frequency_matrix,Exact row match after SE-column alignment
508,DB01220,rifaximin,78,Rifaximin,resolved_by_frequency_matrix,Exact row match after SE-column alignment
509,DB01222,budesonide,529,Budesonide,resolved_by_frequency_matrix,Exact row match after SE-column alignment
510,DB01223,aminophylline,13,Aminophylline,resolved_by_frequency_matrix,Exact row match after SE-column alignment
511,DB01224,quetiapine,380,Quetiapine,resolved_by_frequency_matrix,Exact row match after SE-column alignment
512,DB01229,paclitaxel,604,Paclitaxel,resolved_by_frequency_matrix,Exact row match after SE-column alignment
513,DB01232,saquinavir,93,Saquinavir,resolved_by_frequency_matrix,Exact row match after SE-column alignment
514,DB01234,dexamethasone,409,Dexamethasone,resolved_by_frequency_matrix,Exact row match after SE-column alignment
515,DB01235,levodopa,727,Levodopa,resolved_by_frequency_matrix,Exact row match after SE-column alignment
516,DB01238,aripiprazole,103,Aripiprazole,resolved_by_frequency_matrix,Exact row match after SE-column alignment
517,DB01240,epoprostenol,702,Epoprostenol,resolved_by_frequency_matrix,Exact row match after SE-column alignment
518,DB01241,gemfibrozil,343,Gemfibrozil,resolved_by_frequency_matrix,Exact row match after SE-column alignment
519,DB01242,clomipramine,690,Clomipramine,resolved_by_frequency_matrix,Exact row match after SE-column alignment
520,DB01244,bepridil,558,Bepridil,resolved_by_frequency_matrix,Exact row match after SE-column alignment
521,DB01248,docetaxel,321,Docetaxel,resolved_by_frequency_matrix,Exact row match after SE-column alignment
522,DB01249,iodixanol,498,Iodixanol,resolved_by_frequency_matrix,Exact row match after SE-column alignment
523,DB01250,olsalazine,546,Olsalazine,resolved_by_frequency_matrix,Exact row match after SE-column alignment
524,DB01254,dasatinib,37,Dasatinib,resolved_by_frequency_matrix,Exact row match after SE-column alignment
525,DB01255,lisdexamfetamine,187,Lisdexamfetamine,resolved_by_frequency_matrix,Exact row match after SE-column alignment
526,DB01259,lapatinib,246,Lapatinib,resolved_by_frequency_matrix,Exact row match after SE-column alignment
527,DB01260,desonide,416,Desonide,resolved_by_frequency_matrix,Exact row match after SE-column alignment
528,DB01261,sitagliptin,316,Sitagliptin,resolved_by_frequency_matrix,Exact row match after SE-column alignment
529,DB01262,decitabine,34,Decitabine,resolved_by_frequency_matrix,Exact row match after SE-column alignment
530,DB01263,posaconazole,326,Posaconazole,resolved_by_frequency_matrix,Exact row match after SE-column alignment
531,DB01264,darunavir,594,Darunavir,resolved_by_frequency_matrix,Exact row match after SE-column alignment
532,DB01265,telbivudine,651,Telbivudine,resolved_by_frequency_matrix,Exact row match after SE-column alignment
533,DB01267,paliperidone,645,Paliperidone,resolved_by_frequency_matrix,Exact row match after SE-column alignment
534,DB01268,sunitinib,215,Sunitinib,resolved_by_frequency_matrix,Exact row match after SE-column alignment
535,DB01273,varenicline,601,Varenicline,resolved_by_frequency_matrix,Exact row match after SE-column alignment
536,DB01275,hydralazine,610,Hydralazine,resolved_by_frequency_matrix,Exact row match after SE-column alignment
537,DB01276,exenatide,75,Exenatide,resolved_by_frequency_matrix,Exact row match after SE-column alignment
538,DB01280,nelarabine,155,Nelarabine,resolved_by_frequency_matrix,Exact row match after SE-column alignment
539,DB01285,corticotropin,121,Corticotropin,resolved_by_frequency_matrix,Exact row match after SE-column alignment
540,DB01291,pirbuterol,516,Pirbuterol,resolved_by_frequency_matrix,Exact row match after SE-column alignment
541,DB01306,insulin aspart,202,Insulin aspart,resolved_by_frequency_matrix,Exact row match after SE-column alignment
542,DB01307,insulin detemir,301,Insulin detemir,resolved_by_frequency_matrix,Exact row match after SE-column alignment
543,DB01319,fosamprenavir,194,Fosamprenavir,resolved_by_frequency_matrix,Exact row match after SE-column alignment
544,DB01320,fosphenytoin,379,Fosphenytoin,resolved_by_auxiliary_features,DrugBank targets + MSSF drug_target: row 544 has one target; fosphenytoin has one target
545,DB01340,cilazapril,322,Cilazapril,resolved_by_frequency_matrix,Exact row match after SE-column alignment
546,DB01359,penbutolol,440,Penbutolol,resolved_by_frequency_matrix,Exact row match after SE-column alignment
547,DB01362,iohexol,562,Iohexol,resolved_by_frequency_matrix,Exact row match after SE-column alignment
548,DB01367,rasagiline,736,Rasagiline,resolved_by_frequency_matrix,Exact row match after SE-column alignment
549,DB01390,sodium bicarbonate,278,Sodium bicarbonate,resolved_by_auxiliary_features,MSSF fingerprint/text neighbors are less phosphate-like; paired complement to sodium phosphate
550,DB01393,bezafibrate,257,Bezafibrate,resolved_by_frequency_matrix,Exact row match after SE-column alignment
551,DB01394,colchicine,144,Colchicine,resolved_by_frequency_matrix,Exact row match after SE-column alignment
552,DB01406,danazol,233,Danazol,resolved_by_frequency_matrix,Exact row match after SE-column alignment
553,DB01409,tiotropium bromide,52,Tiotropium,resolved_by_frequency_matrix,Exact row match after SE-column alignment
554,DB01410,ciclesonide,390,Ciclesonide,resolved_by_frequency_matrix,Exact row match after SE-column alignment
555,DB01413,cefepime,384,Cefepime,resolved_by_frequency_matrix,Exact row match after SE-column alignment
556,DB01432,colestyramine,134,Cholestyramine,resolved_by_frequency_matrix,Exact row match after SE-column alignment
557,DB01544,flunitrazepam,586,Flunitrazepam,resolved_by_frequency_matrix,Exact row match after SE-column alignment
558,DB01551,dihydrocodeine,654,Dihydrocodeine,resolved_by_frequency_matrix,Exact row match after SE-column alignment
559,DB01558,bromazepam,12,Bromazepam,resolved_by_frequency_matrix,Exact row match after SE-column alignment
560,DB01586,ursodeoxycholic acid,533,Ursodeoxycholic acid,resolved_by_frequency_matrix,Exact row match after SE-column alignment
561,DB01589,quazepam,167,Quazepam,resolved_by_frequency_matrix,Exact row match after SE-column alignment
562,DB01590,everolimus,67,Everolimus,resolved_by_frequency_matrix,Exact row match after SE-column alignment
563,DB01591,solifenacin,97,Solifenacin,resolved_by_frequency_matrix,Exact row match after SE-column alignment
564,DB01600,tiaprofenic acid,175,Tiaprofenic acid,resolved_by_frequency_matrix,Exact row match after SE-column alignment
565,DB01609,deferasirox,629,Deferasirox,resolved_by_frequency_matrix,Exact row match after SE-column alignment
566,DB01610,valganciclovir,333,Valganciclovir,resolved_by_frequency_matrix,Exact row match after SE-column alignment
567,DB01656,roflumilast,711,Roflumilast,resolved_by_frequency_matrix,Exact row match after SE-column alignment
568,DB02703,fusidic acid,686,Fusidic acid,resolved_by_frequency_matrix,Exact row match after SE-column alignment
569,DB04106,fotemustine,437,Fotemustine,resolved_by_frequency_matrix,Exact row match after SE-column alignment
570,DB04572,thiotepa,28,Thiotepa,resolved_by_frequency_matrix,Exact row match after SE-column alignment
571,DB04835,maraviroc,662,Maraviroc,resolved_by_frequency_matrix,Exact row match after SE-column alignment
572,DB04839,cyproterone,372,Cyproterone acetate,resolved_by_frequency_matrix,Exact row match after SE-column alignment
573,DB04844,tetrabenazine,718,Tetrabenazine,resolved_by_frequency_matrix,Exact row match after SE-column alignment
574,DB04845,ixabepilone,703,Ixabepilone,resolved_by_frequency_matrix,Exact row match after SE-column alignment
575,DB04854,febuxostat,438,Febuxostat,resolved_by_frequency_matrix,Exact row match after SE-column alignment
576,DB04855,dronedarone,35,Dronedarone,resolved_by_frequency_matrix,Exact row match after SE-column alignment
577,DB04861,nebivolol,388,Nebivolol,resolved_by_frequency_matrix,Exact row match after SE-column alignment
578,DB04868,nilotinib,252,Nilotinib,resolved_by_frequency_matrix,Exact row match after SE-column alignment
579,DB04871,lorcaserin,139,Lorcaserin,resolved_by_frequency_matrix,Exact row match after SE-column alignment
580,DB04876,vildagliptin,394,Vildagliptin,resolved_by_frequency_matrix,Exact row match after SE-column alignment
581,DB04896,milnacipran,136,Milnacipran,resolved_by_frequency_matrix,Exact row match after SE-column alignment
582,DB04899,nesiritide,522,Nesiritide,resolved_by_frequency_matrix,Exact row match after SE-column alignment
583,DB04911,oritavancin,115,Oritavancin,resolved_by_frequency_matrix,Exact row match after SE-column alignment
584,DB04920,clevidipine,659,Clevidipine,resolved_by_frequency_matrix,Exact row match after SE-column alignment
585,DB04938,ospemifene,488,Ospemifene,resolved_by_frequency_matrix,Exact row match after SE-column alignment
586,DB04946,iloperidone,286,Iloperidone,resolved_by_frequency_matrix,Exact row match after SE-column alignment
587,DB04953,retigabine,7,Ezogabine,resolved_by_frequency_matrix,Exact row match after SE-column alignment
588,DB05013,ingenol mebutate,670,Ingenol mebutate,resolved_by_frequency_matrix,Exact row match after SE-column alignment
589,DB05015,belinostat,441,Belinostat,resolved_by_frequency_matrix,Exact row match after SE-column alignment
590,DB05039,indacaterol,296,Indacaterol,resolved_by_frequency_matrix,Exact row match after SE-column alignment
591,DB05109,trabectedin,699,Trabectedin,resolved_by_frequency_matrix,Exact row match after SE-column alignment
592,DB05259,glatiramer acetate,204,Glatiramer,resolved_by_frequency_matrix,Exact row match after SE-column alignment
593,DB05271,rotigotine,313,Rotigotine,resolved_by_frequency_matrix,Exact row match after SE-column alignment
594,DB05273,samarium (153Sm) lexidronam,550,Samarium (153Sm) lexidronam,resolved_by_frequency_matrix,Exact row match after SE-column alignment
595,DB05294,vandetanib,626,Vandetanib,resolved_by_frequency_matrix,Exact row match after SE-column alignment
596,DB05311,ecallantide,424,Ecallantide,resolved_by_frequency_matrix,Exact row match after SE-column alignment
597,DB05332,romiplostim,564,Romiplostim,resolved_by_frequency_matrix,Exact row match after SE-column alignment
598,DB05351,dexlansoprazole,544,Dexlansoprazole,resolved_by_frequency_matrix,Exact row match after SE-column alignment
599,DB05521,telaprevir,102,Telaprevir,resolved_by_frequency_matrix,Exact row match after SE-column alignment
600,DB05528,mipomersen,598,Mipomersen,resolved_by_frequency_matrix,Exact row match after SE-column alignment
601,DB05676,apremilast,348,Apremilast,resolved_by_frequency_matrix,Exact row match after SE-column alignment
602,DB05679,ustekinumab,225,Ustekinumab,resolved_by_frequency_matrix,Exact row match after SE-column alignment
603,DB05812,abiraterone,631,Abiraterone,resolved_by_frequency_matrix,Exact row match after SE-column alignment
604,DB06148,mianserin,242,Mianserin,resolved_by_frequency_matrix,Exact row match after SE-column alignment
605,DB06151,acetylcysteine,100,Acetylcysteine,resolved_by_frequency_matrix,Exact row match after SE-column alignment
606,DB06176,romidepsin,189,Romidepsin,resolved_by_frequency_matrix,Exact row match after SE-column alignment
607,DB06201,rufinamide,754,Rufinamide,resolved_by_frequency_matrix,Exact row match after SE-column alignment
608,DB06202,lasofoxifene,402,Lasofoxifene,resolved_by_frequency_matrix,Exact row match after SE-column alignment
609,DB06204,tapentadol,295,Tapentadol,resolved_by_frequency_matrix,Exact row match after SE-column alignment
610,DB06207,silodosin,392,Silodosin,resolved_by_frequency_matrix,Exact row match after SE-column alignment
611,DB06209,prasugrel,460,Prasugrel,resolved_by_frequency_matrix,Exact row match after SE-column alignment
612,DB06210,eltrombopag,470,Eltrombopag,resolved_by_frequency_matrix,Exact row match after SE-column alignment
613,DB06211,doripenem,373,Doripenem,resolved_by_frequency_matrix,Exact row match after SE-column alignment
614,DB06212,tolvaptan,69,Tolvaptan,resolved_by_frequency_matrix,Exact row match after SE-column alignment
615,DB06213,regadenoson,452,Regadenoson,resolved_by_frequency_matrix,Exact row match after SE-column alignment
616,DB06216,asenapine,216,Asenapine,resolved_by_frequency_matrix,Exact row match after SE-column alignment
617,DB06217,vernakalant,53,Vernakalant,resolved_by_frequency_matrix,Exact row match after SE-column alignment
618,DB06218,lacosamide,292,Lacosamide,resolved_by_frequency_matrix,Exact row match after SE-column alignment
619,DB06219,dalbavancin,643,Dalbavancin,resolved_by_frequency_matrix,Exact row match after SE-column alignment
620,DB06228,rivaroxaban,697,Rivaroxaban,resolved_by_frequency_matrix,Exact row match after SE-column alignment
621,DB06230,nalmefene,58,Nalmefene,resolved_by_frequency_matrix,Exact row match after SE-column alignment
622,DB06237,avanafil,112,Avanafil,resolved_by_frequency_matrix,Exact row match after SE-column alignment
623,DB06243,eflornithine,300,Eflornithine,resolved_by_frequency_matrix,Exact row match after SE-column alignment
624,DB06262,droxidopa,258,Droxidopa,resolved_by_frequency_matrix,Exact row match after SE-column alignment
625,DB06268,sitaxentan,648,Sitaxentan,resolved_by_frequency_matrix,Exact row match after SE-column alignment
626,DB06283,ziconotide,398,Ziconotide,resolved_by_frequency_matrix,Exact row match after SE-column alignment
627,DB06285,teriparatide,457,Teriparatide,resolved_by_frequency_matrix,Exact row match after SE-column alignment
628,DB06287,temsirolimus,520,Temsirolimus,resolved_by_frequency_matrix,Exact row match after SE-column alignment
629,DB06288,amisulpride,223,Amisulpride,resolved_by_frequency_matrix,Exact row match after SE-column alignment
630,DB06290,simeprevir,2,Simeprevir,resolved_by_frequency_matrix,Exact row match after SE-column alignment
631,DB06292,dapagliflozin,490,Dapagliflozin,resolved_by_frequency_matrix,Exact row match after SE-column alignment
632,DB06401,bazedoxifene,661,Bazedoxifene,resolved_by_frequency_matrix,Exact row match after SE-column alignment
633,DB06403,ambrisentan,342,Ambrisentan,resolved_by_frequency_matrix,Exact row match after SE-column alignment
634,DB06410,doxercalciferol,553,Doxercalciferol,resolved_by_frequency_matrix,Exact row match after SE-column alignment
635,DB06413,armodafinil,84,Armodafinil,resolved_by_frequency_matrix,Exact row match after SE-column alignment
636,DB06414,etravirine,77,Etravirine,resolved_by_frequency_matrix,Exact row match after SE-column alignment
637,DB06480,prucalopride,17,Prucalopride,resolved_by_frequency_matrix,Exact row match after SE-column alignment
638,DB06589,pazopanib,230,Pazopanib,resolved_by_frequency_matrix,Exact row match after SE-column alignment
639,DB06590,ceftaroline fosamil,480,Ceftaroline fosamil,resolved_by_frequency_matrix,Exact row match after SE-column alignment
640,DB06594,agomelatine,85,Agomelatine,resolved_by_frequency_matrix,Exact row match after SE-column alignment
641,DB06605,apixaban,170,Apixaban,resolved_by_frequency_matrix,Exact row match after SE-column alignment
642,DB06616,bosutinib,463,Bosutinib,resolved_by_frequency_matrix,Exact row match after SE-column alignment
643,DB06626,axitinib,413,Axitinib,resolved_by_frequency_matrix,Exact row match after SE-column alignment
644,DB06637,fampridine,294,Dalfampridine,resolved_by_frequency_matrix,Exact row match after SE-column alignment
645,DB06650,ofatumumab,141,Ofatumumab,resolved_by_frequency_matrix,Exact row match after SE-column alignment
646,DB06655,liraglutide,169,Liraglutide,resolved_by_frequency_matrix,Exact row match after SE-column alignment
647,DB06663,pasireotide,503,Pasireotide,resolved_by_frequency_matrix,Exact row match after SE-column alignment
648,DB06684,vilazodone,642,Vilazodone,resolved_by_frequency_matrix,Exact row match after SE-column alignment
649,DB06695,dabigatran etexilate,653,Dabigatran etexilate,resolved_by_frequency_matrix,Exact row match after SE-column alignment
650,DB06698,betahistine,493,Betahistine,resolved_by_frequency_matrix,Exact row match after SE-column alignment
651,DB06699,degarelix,638,Degarelix,resolved_by_frequency_matrix,Exact row match after SE-column alignment
652,DB06700,desvenlafaxine,507,Desvenlafaxine,resolved_by_frequency_matrix,Exact row match after SE-column alignment
653,DB06701,dexmethylphenidate,206,Dexmethylphenidate,resolved_by_frequency_matrix,Exact row match after SE-column alignment
654,DB06702,fesoterodine,297,Fesoterodine,resolved_by_frequency_matrix,Exact row match after SE-column alignment
655,DB06703,gadobutrol,731,Gadobutrol,resolved_by_frequency_matrix,Exact row match after SE-column alignment
656,DB06711,naphazoline,419,Naphazoline,resolved_by_frequency_matrix,Exact row match after SE-column alignment
657,DB06719,buserelin,401,Buserelin,resolved_by_frequency_matrix,Exact row match after SE-column alignment
658,DB06756,betaine,57,Betaine,resolved_by_frequency_matrix,Exact row match after SE-column alignment
659,DB06769,bendamustine,715,Bendamustine,resolved_by_frequency_matrix,Exact row match after SE-column alignment
660,DB06772,cabazitaxel,756,Cabazitaxel,resolved_by_frequency_matrix,Exact row match after SE-column alignment
661,DB06774,capsaicin,229,Capsaicin,resolved_by_frequency_matrix,Exact row match after SE-column alignment
662,DB06779,dalteparin,205,Dalteparin,resolved_by_frequency_matrix,Exact row match after SE-column alignment
663,DB06785,ganirelix,628,Ganirelix,resolved_by_frequency_matrix,Exact row match after SE-column alignment
664,DB06788,histrelin,179,Histrelin,resolved_by_frequency_matrix,Exact row match after SE-column alignment
665,DB06791,lanreotide,171,Lanreotide,resolved_by_frequency_matrix,Exact row match after SE-column alignment
666,DB06792,lanthanum carbonate,518,Lanthanum carbonate,resolved_by_frequency_matrix,Exact row match after SE-column alignment
667,DB06794,lodoxamide,290,Lodoxamide,resolved_by_frequency_matrix,Exact row match after SE-column alignment
668,DB06800,methylnaltrexone bromide,701,Methylnaltrexone,resolved_by_frequency_matrix,Exact row match after SE-column alignment
669,DB06809,plerixafor,421,Plerixafor,resolved_by_frequency_matrix,Exact row match after SE-column alignment
670,DB06817,raltegravir,687,Raltegravir,resolved_by_frequency_matrix,Exact row match after SE-column alignment
671,DB06819,sodium phenylbutyrate,195,Phenylbutyric acid,resolved_by_frequency_matrix,Exact row match after SE-column alignment
672,DB06825,triptorelin,261,Triptorelin,resolved_by_frequency_matrix,Exact row match after SE-column alignment
673,DB08815,lurasidone,412,Lurasidone,resolved_by_frequency_matrix,Exact row match after SE-column alignment
674,DB08816,ticagrelor,675,Ticagrelor,resolved_by_frequency_matrix,Exact row match after SE-column alignment
675,DB08819,tafluprost,755,Tafluprost,resolved_by_frequency_matrix,Exact row match after SE-column alignment
676,DB08820,ivacaftor,159,Ivacaftor,resolved_by_frequency_matrix,Exact row match after SE-column alignment
677,DB08824,iodine ioflupane (123I),104,Ioflupane I 123,resolved_by_frequency_matrix,Exact row match after SE-column alignment
678,DB08828,vismodegib,565,Vismodegib,resolved_by_frequency_matrix,Exact row match after SE-column alignment
679,DB08864,rilpivirine,44,Rilpivirine,resolved_by_frequency_matrix,Exact row match after SE-column alignment
680,DB08865,crizotinib,481,Crizotinib,resolved_by_frequency_matrix,Exact row match after SE-column alignment
681,DB08867,ulipristal,712,Ulipristal,resolved_by_frequency_matrix,Exact row match after SE-column alignment
682,DB08868,fingolimod,597,Fingolimod,resolved_by_frequency_matrix,Exact row match after SE-column alignment
683,DB08869,tesamorelin,208,Tesamorelin,resolved_by_frequency_matrix,Exact row match after SE-column alignment
684,DB08871,eribulin,143,Eribulin,resolved_by_frequency_matrix,Exact row match after SE-column alignment
685,DB08873,boceprevir,655,Boceprevir,resolved_by_frequency_matrix,Exact row match after SE-column alignment
686,DB08874,fidaxomicin,391,Fidaxomicin,resolved_by_frequency_matrix,Exact row match after SE-column alignment
687,DB08875,cabozantinib,395,Cabozantinib,resolved_by_frequency_matrix,Exact row match after SE-column alignment
688,DB08877,ruxolitinib,128,Ruxolitinib,resolved_by_frequency_matrix,Exact row match after SE-column alignment
689,DB08880,teriflunomide,119,Teriflunomide,resolved_by_frequency_matrix,Exact row match after SE-column alignment
690,DB08881,vemurafenib,425,Vemurafenib,resolved_by_frequency_matrix,Exact row match after SE-column alignment
691,DB08882,linagliptin,203,Linagliptin,resolved_by_frequency_matrix,Exact row match after SE-column alignment
692,DB08883,perampanel,201,Perampanel,resolved_by_frequency_matrix,Exact row match after SE-column alignment
693,DB08889,carfilzomib,161,Carfilzomib,resolved_by_frequency_matrix,Exact row match after SE-column alignment
694,DB08893,mirabegron,133,Mirabegron,resolved_by_frequency_matrix,Exact row match after SE-column alignment
695,DB08895,tofacitinib,591,Tofacitinib,resolved_by_frequency_matrix,Exact row match after SE-column alignment
696,DB08896,regorafenib,142,Regorafenib,resolved_by_frequency_matrix,Exact row match after SE-column alignment
697,DB08897,aclidinium bromide,757,Aclidinium,resolved_by_frequency_matrix,Exact row match after SE-column alignment
698,DB08899,enzalutamide,668,Enzalutamide,resolved_by_frequency_matrix,Exact row match after SE-column alignment
699,DB08900,teduglutide,415,Teduglutide,resolved_by_frequency_matrix,Exact row match after SE-column alignment
700,DB08901,ponatinib,593,Ponatinib,resolved_by_frequency_matrix,Exact row match after SE-column alignment
701,DB08903,bedaquiline,473,Bedaquiline,resolved_by_frequency_matrix,Exact row match after SE-column alignment
702,DB08906,fluticasone furoate,469,Fluticasone furoate,resolved_by_frequency_matrix,Exact row match after SE-column alignment
703,DB08907,canagliflozin,162,Canagliflozin,resolved_by_frequency_matrix,Exact row match after SE-column alignment
704,DB08909,glycerol phenylbutyrate,214,Glycerol phenylbutyrate,resolved_by_frequency_matrix,Exact row match after SE-column alignment
705,DB08910,pomalidomide,117,Pomalidomide,resolved_by_frequency_matrix,Exact row match after SE-column alignment
706,DB08911,trametinib,716,Trametinib,resolved_by_frequency_matrix,Exact row match after SE-column alignment
707,DB08912,dabrafenib,678,Dabrafenib,resolved_by_frequency_matrix,Exact row match after SE-column alignment
708,DB08913,radium (223Ra) dichloride,400,Radium Ra 223 Dichloride,resolved_by_frequency_matrix,Exact row match after SE-column alignment
709,DB08916,afatinib,56,Afatinib,resolved_by_frequency_matrix,Exact row match after SE-column alignment
710,DB08930,dolutegravir,76,Dolutegravir,resolved_by_frequency_matrix,Exact row match after SE-column alignment
711,DB08931,riociguat,600,Riociguat,resolved_by_frequency_matrix,Exact row match after SE-column alignment
712,DB08932,macitentan,337,Macitentan,resolved_by_frequency_matrix,Exact row match after SE-column alignment
713,DB08934,sofosbuvir,131,Sofosbuvir,resolved_by_frequency_matrix,Exact row match after SE-column alignment
714,DB08947,iopamidol,324,Iopamidol,resolved_by_frequency_matrix,Exact row match after SE-column alignment
715,DB09026,aliskiren,572,Aliskiren,resolved_by_frequency_matrix,Exact row match after SE-column alignment
716,DB09030,vorapaxar,90,Vorapaxar,resolved_by_frequency_matrix,Exact row match after SE-column alignment
717,DB09034,suvorexant,407,Suvorexant,resolved_by_frequency_matrix,Exact row match after SE-column alignment
718,DB09038,empagliflozin,623,Empagliflozin,resolved_by_frequency_matrix,Exact row match after SE-column alignment
719,DB09039,eliglustat,114,Eliglustat,resolved_by_frequency_matrix,Exact row match after SE-column alignment
720,DB09053,ibrutinib,603,Ibrutinib,resolved_by_frequency_matrix,Exact row match after SE-column alignment
721,DB09065,cobicistat,307,Cobicistat,resolved_by_frequency_matrix,Exact row match after SE-column alignment
722,DB09068,vortioxetine,632,Vortioxetine,resolved_by_frequency_matrix,Exact row match after SE-column alignment
723,DB09071,tasimelteon,748,Tasimelteon,resolved_by_frequency_matrix,Exact row match after SE-column alignment
724,DB09072,sodium oxybate,15,Sodium oxybate,resolved_by_frequency_matrix,Exact row match after SE-column alignment
725,DB09076,umeclidinium bromide,382,Umeclidinium,resolved_by_frequency_matrix,Exact row match after SE-column alignment
726,DB09080,olodaterol,302,Olodaterol,resolved_by_frequency_matrix,Exact row match after SE-column alignment
727,DB09090,pinaverium,578,Pinaverium,resolved_by_frequency_matrix,Exact row match after SE-column alignment
728,DB09096,benzoyl peroxide,36,Benzoyl peroxide,resolved_by_frequency_matrix,Exact row match after SE-column alignment
729,DB09101,elvitegravir,70,Elvitegravir,resolved_by_frequency_matrix,Exact row match after SE-column alignment
730,DB09110,mesna,580,Coenzyme M,resolved_by_frequency_matrix,Exact row match after SE-column alignment
731,DB09146,saccharated iron oxide,399,Iron sucrose,resolved_by_frequency_matrix,Exact row match after SE-column alignment
732,DB09149,florbetapir (18F),191,Florbetapir F-18,resolved_by_frequency_matrix,Exact row match after SE-column alignment
733,DB09151,flutemetamol (18F),418,Flutemetamol (18F),resolved_by_frequency_matrix,Exact row match after SE-column alignment
734,DB09156,iopromide,561,Iopromide,resolved_by_frequency_matrix,Exact row match after SE-column alignment
735,DB09160,technetium (99mTc) tetrofosmin,695,Technetium Tc-99m tetrofosmin,resolved_by_frequency_matrix,Exact row match after SE-column alignment
736,DB09163,technetium (99mTc) exametazime,552,Technetium Tc-99m exametazime,resolved_by_frequency_matrix,Exact row match after SE-column alignment
737,DB09220,nicorandil,129,Nicorandil,resolved_by_frequency_matrix,Exact row match after SE-column alignment
738,DB09276,sodium aurothiomalate,545,Sodium aurothiomalate,resolved_by_frequency_matrix,Exact row match after SE-column alignment
739,,sodium phosphate,240,,resolved_by_auxiliary_features,MSSF fingerprint nearest neighbors include phosphate/phosphonate drugs such as foscarnet/fosfomycin/bisphosphonates
740,DB09487,iotrolan,311,Iotrolan,resolved_by_frequency_matrix,Exact row match after SE-column alignment
741,DB09532,secretin,577,Secretin human,resolved_by_frequency_matrix,Exact row match after SE-column alignment
742,DB11095,desirudin,178,Desirudin,resolved_by_frequency_matrix,Exact row match after SE-column alignment
743,DB11630,temoporfin,672,Temoporfin,resolved_by_frequency_matrix,Exact row match after SE-column alignment
744,,colestilan,148,,resolved_by_frequency_matrix,Exact row match after SE-column alignment
745,DB11699,tropisetron,581,Tropisetron,resolved_by_frequency_matrix,Exact row match after SE-column alignment
746,DB11750,clobetasol,48,Clobetasol,resolved_by_frequency_matrix,Exact row match after SE-column alignment
747,DB13158,clobetasone,733,Clobetasone,resolved_by_frequency_matrix,Exact row match after SE-column alignment
748,DB13295,atracurium,482,Atracurium,resolved_by_frequency_matrix,Exact row match after SE-column alignment
749,DB13615,mifamurtide,315,Mifamurtide,resolved_by_frequency_matrix,Exact row match after SE-column alignment
750,DB13867,fluticasone,512,Fluticasone,resolved_by_frequency_matrix,Exact row match after SE-column alignment
751,DB13919,candesartan,377,Candesartan,resolved_by_frequency_matrix,Exact row match after SE-column alignment
752,DB00764,mometasone,677,Mometasone,resolved_by_frequency_matrix,Exact row match after SE-column alignment
753,DB14569,tedizolid,559,Tedizolid,resolved_by_frequency_matrix,Exact row match after SE-column alignment
754,DB14570,hydroxyprogesterone,165,Hydroxyprogesterone,resolved_by_frequency_matrix,Exact row match after SE-column alignment
755,DB14575,eslicarbazepine,406,Eslicarbazepine,resolved_by_frequency_matrix,Exact row match after SE-column alignment
756,DB14733,ceftobiprole medocaril,288,Ceftobiprole medocaril,resolved_by_frequency_matrix,Exact row match after SE-column alignment
