mssf_idx,benchmark_idx,drugbank_id,benchmark_drug_name,matched_name,resolution_status,evidence
0,289,DB00001,lepirudin,Lepirudin,resolved_by_frequency_matrix,Exact row match after SE-column alignment
1,474,DB00006,bivalirudin,Bivalirudin,resolved_by_frequency_matrix,Exact row match after SE-column alignment
2,555,DB00007,leuprorelin,Leuprolide,resolved_by_frequency_matrix,Exact row match after SE-column alignment
3,355,DB00014,goserelin,Goserelin,resolved_by_frequency_matrix,Exact row match after SE-column alignment
4,109,DB00016,erythropoietin,Erythropoietin,resolved_by_frequency_matrix,Exact row match after SE-column alignment
5,521,DB00082,pegvisomant,Pegvisomant,resolved_by_frequency_matrix,Exact row match after SE-column alignment
6,433,DB00035,desmopressin,Desmopressin,resolved_by_frequency_matrix,Exact row match after SE-column alignment
7,325,DB00046,insulin lispro,Insulin lispro,resolved_by_frequency_matrix,Exact row match after SE-column alignment
8,38,DB00047,insulin glargine,Insulin glargine,resolved_by_frequency_matrix,Exact row match after SE-column alignment
9,29,DB00049,rasburicase,Rasburicase,resolved_by_frequency_matrix,Exact row match after SE-column alignment
10,540,DB00062,albumin,Albumin human,resolved_by_frequency_matrix,Exact row match after SE-column alignment
11,61,DB00063,eptifibatide,Eptifibatide,resolved_by_frequency_matrix,Exact row match after SE-column alignment
12,464,DB00075,muromonab-CD3,Muromonab,resolved_by_frequency_matrix,Exact row match after SE-column alignment
13,454,DB00080,daptomycin,Daptomycin,resolved_by_frequency_matrix,Exact row match after SE-column alignment
14,758,DB00091,ciclosporin,Cyclosporine,resolved_by_frequency_matrix,Exact row match after SE-column alignment
15,508,DB00094,urofollitropin,Urofollitropin,resolved_by_frequency_matrix,Exact row match after SE-column alignment
16,26,DB00104,octreotide,Octreotide,resolved_by_frequency_matrix,Exact row match after SE-column alignment
17,299,DB00105,interferon alfa-2b,Interferon alfa-2b,resolved_by_frequency_matrix,Exact row match after SE-column alignment
18,650,DB00106,abarelix,Abarelix,resolved_by_frequency_matrix,Exact row match after SE-column alignment
19,589,DB00107,oxytocin,Oxytocin,resolved_by_frequency_matrix,Exact row match after SE-column alignment
20,186,DB00109,enfuvirtide,Enfuvirtide,resolved_by_frequency_matrix,Exact row match after SE-column alignment
21,426,DB00130,glutamine,L-Glutamine,resolved_by_frequency_matrix,Exact row match after SE-column alignment
22,541,DB00136,calcitriol,Calcitriol,resolved_by_frequency_matrix,Exact row match after SE-column alignment
23,226,DB00175,pravastatin,Pravastatin,resolved_by_frequency_matrix,Exact row match after SE-column alignment
24,271,DB00176,fluvoxamine,Fluvoxamine,resolved_by_frequency_matrix,Exact row match after SE-column alignment
25,318,DB00177,valsartan,Valsartan,resolved_by_frequency_matrix,Exact row match after SE-column alignment
26,582,DB00178,ramipril,Ramipril,resolved_by_frequency_matrix,Exact row match after SE-column alignment
27,192,DB00180,flunisolide,Flunisolide,resolved_by_frequency_matrix,Exact row match after SE-column alignment
28,428,DB00181,baclofen,Baclofen,resolved_by_frequency_matrix,Exact row match after SE-column alignment
29,314,DB00184,nicotine,Nicotine,resolved_by_frequency_matrix,Exact row match after SE-column alignment
30,232,DB00185,cevimeline,Cevimeline,resolved_by_frequency_matrix,Exact row match after SE-column alignment
31,537,DB00186,lorazepam,Lorazepam,resolved_by_frequency_matrix,Exact row match after SE-column alignment
32,346,DB00187,esmolol,Esmolol,resolved_by_frequency_matrix,Exact row match after SE-column alignment
33,737,DB00188,bortezomib,Bortezomib,resolved_by_frequency_matrix,Exact row match after SE-column alignment
34,575,DB00193,tramadol,Tramadol,resolved_by_frequency_matrix,Exact row match after SE-column alignment
35,492,DB00195,betaxolol,Betaxolol,resolved_by_frequency_matrix,Exact row match after SE-column alignment
36,692,DB00196,fluconazole,Fluconazole,resolved_by_frequency_matrix,Exact row match after SE-column alignment
37,370,DB00198,oseltamivir,Oseltamivir,resolved_by_frequency_matrix,Exact row match after SE-column alignment
38,260,DB00201,caffeine,Caffeine,resolved_by_frequency_matrix,Exact row match after SE-column alignment
39,451,DB00203,sildenafil,Sildenafil,resolved_by_frequency_matrix,Exact row match after SE-column alignment
40,510,DB00204,dofetilide,Dofetilide,resolved_by_frequency_matrix,Exact row match after SE-column alignment
41,351,DB00207,azithromycin,Azithromycin,resolved_by_frequency_matrix,Exact row match after SE-column alignment
42,478,DB00209,trospium,Trospium,resolved_by_frequency_matrix,Exact row match after SE-column alignment
43,646,DB00210,adapalene,Adapalene,resolved_by_frequency_matrix,Exact row match after SE-column alignment
44,182,DB00211,midodrine,Midodrine,resolved_by_frequency_matrix,Exact row match after SE-column alignment
45,665,DB00213,pantoprazole,Pantoprazole,resolved_by_frequency_matrix,Exact row match after SE-column alignment
46,118,DB00214,torasemide,Torasemide,resolved_by_frequency_matrix,Exact row match after SE-column alignment
47,336,DB00215,citalopram,Citalopram,resolved_by_frequency_matrix,Exact row match after SE-column alignment
48,466,DB00216,eletriptan,Eletriptan,resolved_by_frequency_matrix,Exact row match after SE-column alignment
49,101,DB00218,moxifloxacin,Moxifloxacin,resolved_by_frequency_matrix,Exact row match after SE-column alignment
50,332,DB00220,nelfinavir,Nelfinavir,resolved_by_frequency_matrix,Exact row match after SE-column alignment
51,285,DB00222,glimepiride,Glimepiride,resolved_by_frequency_matrix,Exact row match after SE-column alignment
52,633,DB00224,indinavir,Indinavir,resolved_by_frequency_matrix,Exact row match after SE-column alignment
53,281,DB00227,lovastatin,Lovastatin,resolved_by_frequency_matrix,Exact row match after SE-column alignment
54,560,DB00230,pregabalin,Pregabalin,resolved_by_frequency_matrix,Exact row match after SE-column alignment
55,280,DB00231,temazepam,Temazepam,resolved_by_frequency_matrix,Exact row match after SE-column alignment
56,95,DB00234,reboxetine,Reboxetine,resolved_by_frequency_matrix,Exact row match after SE-column alignment
57,616,DB00238,nevirapine,Nevirapine,resolved_by_frequency_matrix,Exact row match after SE-column alignment
58,120,DB00242,cladribine,Cladribine,resolved_by_frequency_matrix,Exact row match after SE-column alignment
59,621,DB00243,ranolazine,Ranolazine,resolved_by_frequency_matrix,Exact row match after SE-column alignment
60,605,DB00244,mesalazine,Mesalazine,resolved_by_frequency_matrix,Exact row match after SE-column alignment
61,367,DB00246,ziprasidone,Ziprasidone,resolved_by_frequency_matrix,Exact row match after SE-column alignment
62,82,DB00248,cabergoline,Cabergoline,resolved_by_frequency_matrix,Exact row match after SE-column alignment
63,349,DB00250,dapsone,Dapsone,resolved_by_frequency_matrix,Exact row match after SE-column alignment
64,24,DB00251,terconazole,Terconazole,resolved_by_frequency_matrix,Exact row match after SE-column alignment
65,94,DB00252,phenytoin,Phenytoin,resolved_by_auxiliary_features,DrugBank targets + MSSF drug_target: row 65 has many targets; phenytoin has many targets
66,60,DB00254,doxycycline,Doxycycline,resolved_by_frequency_matrix,Exact row match after SE-column alignment
67,151,DB00261,anagrelide,Anagrelide,resolved_by_frequency_matrix,Exact row match after SE-column alignment
68,431,DB00262,carmustine,Carmustine,resolved_by_frequency_matrix,Exact row match after SE-column alignment
69,197,DB00264,metoprolol,Metoprolol,resolved_by_frequency_matrix,Exact row match after SE-column alignment
70,681,DB00268,ropinirole,Ropinirole,resolved_by_frequency_matrix,Exact row match after SE-column alignment
71,163,DB00270,isradipine,Isradipine,resolved_by_frequency_matrix,Exact row match after SE-column alignment
72,378,DB00273,topiramate,Topiramate,resolved_by_frequency_matrix,Exact row match after SE-column alignment
73,396,DB00275,olmesartan medoxomil,Olmesartan,resolved_by_frequency_matrix,Exact row match after SE-column alignment
74,339,DB00276,amsacrine,Amsacrine,resolved_by_frequency_matrix,Exact row match after SE-column alignment
75,222,DB00277,theophylline,Theophylline,resolved_by_frequency_matrix,Exact row match after SE-column alignment
76,417,DB00278,argatroban,Argatroban,resolved_by_frequency_matrix,Exact row match after SE-column alignment
77,376,DB00281,lidocaine,Lidocaine,resolved_by_frequency_matrix,Exact row match after SE-column alignment
78,666,DB00282,pamidronic acid,Pamidronic acid,resolved_by_frequency_matrix,Exact row match after SE-column alignment
79,304,DB00285,venlafaxine,Venlafaxine,resolved_by_frequency_matrix,Exact row match after SE-column alignment
80,745,DB00286,conjugated estrogens,Conjugated estrogens,resolved_by_frequency_matrix,Exact row match after SE-column alignment
81,308,DB00287,travoprost,Travoprost,resolved_by_frequency_matrix,Exact row match after SE-column alignment
82,676,DB00289,atomoxetine,Atomoxetine,resolved_by_frequency_matrix,Exact row match after SE-column alignment
83,504,DB00290,bleomycin,Bleomycin,resolved_by_frequency_matrix,Exact row match after SE-column alignment
84,270,DB00291,chlorambucil,Chlorambucil,resolved_by_frequency_matrix,Exact row match after SE-column alignment
85,207,DB00293,raltitrexed,Raltitrexed,resolved_by_frequency_matrix,Exact row match after SE-column alignment
86,404,DB00294,etonogestrel,Etonogestrel,resolved_by_frequency_matrix,Exact row match after SE-column alignment
87,750,DB00295,morphine,Morphine,resolved_by_frequency_matrix,Exact row match after SE-column alignment
88,456,DB00296,ropivacaine,Ropivacaine,resolved_by_frequency_matrix,Exact row match after SE-column alignment
89,720,DB00297,bupivacaine,Bupivacaine,resolved_by_frequency_matrix,Exact row match after SE-column alignment
90,47,DB00299,penciclovir,Penciclovir,resolved_by_frequency_matrix,Exact row match after SE-column alignment
91,237,DB00300,tenofovir disoproxil,Tenofovir disoproxil,resolved_by_frequency_matrix,Exact row match after SE-column alignment
92,509,DB00301,flucloxacillin,Flucloxacillin,resolved_by_frequency_matrix,Exact row match after SE-column alignment
93,753,DB00302,tranexamic acid,Tranexamic acid,resolved_by_frequency_matrix,Exact row match after SE-column alignment
94,62,DB00303,ertapenem,Ertapenem,resolved_by_frequency_matrix,Exact row match after SE-column alignment
95,283,DB00307,bexarotene,Bexarotene,resolved_by_frequency_matrix,Exact row match after SE-column alignment
96,671,DB00308,ibutilide,Ibutilide,resolved_by_frequency_matrix,Exact row match after SE-column alignment
97,106,DB00310,chlortalidone,Chlorthalidone,resolved_by_frequency_matrix,Exact row match after SE-column alignment
98,472,DB00313,valproic acid,Valproic acid,resolved_by_frequency_matrix,Exact row match after SE-column alignment
99,369,DB00315,zolmitriptan,Zolmitriptan,resolved_by_frequency_matrix,Exact row match after SE-column alignment
100,742,DB00316,paracetamol,Acetaminophen,resolved_by_frequency_matrix,Exact row match after SE-column alignment
101,238,DB00317,gefitinib,Gefitinib,resolved_by_frequency_matrix,Exact row match after SE-column alignment
102,664,DB00319,piperacillin,Piperacillin,resolved_by_frequency_matrix,Exact row match after SE-column alignment
103,279,DB00320,dihydroergotamine,Dihydroergotamine,resolved_by_frequency_matrix,Exact row match after SE-column alignment
104,105,DB00323,tolcapone,Tolcapone,resolved_by_frequency_matrix,Exact row match after SE-column alignment
105,602,DB00327,hydromorphone,Hydromorphone,resolved_by_frequency_matrix,Exact row match after SE-column alignment
106,168,DB00328,indometacin,Indomethacin,resolved_by_frequency_matrix,Exact row match after SE-column alignment
107,356,DB00331,metformin,Metformin,resolved_by_frequency_matrix,Exact row match after SE-column alignment
108,55,DB00332,ipratropium bromide,Ipratropium bromide,resolved_by_frequency_matrix,Exact row match after SE-column alignment
109,570,DB00334,olanzapine,Olanzapine,resolved_by_frequency_matrix,Exact row match after SE-column alignment
110,667,DB00335,atenolol,Atenolol,resolved_by_frequency_matrix,Exact row match after SE-column alignment
111,269,DB00337,pimecrolimus,Pimecrolimus,resolved_by_frequency_matrix,Exact row match after SE-column alignment
112,513,DB00338,omeprazole,Omeprazole,resolved_by_frequency_matrix,Exact row match after SE-column alignment
113,79,DB00341,cetirizine,Cetirizine,resolved_by_frequency_matrix,Exact row match after SE-column alignment
114,408,DB00343,diltiazem,Diltiazem,resolved_by_frequency_matrix,Exact row match after SE-column alignment
115,264,DB00346,alfuzosin,Alfuzosin,resolved_by_frequency_matrix,Exact row match after SE-column alignment
116,694,DB00348,nitisinone,Nitisinone,resolved_by_frequency_matrix,Exact row match after SE-column alignment
117,728,DB00349,clobazam,Clobazam,resolved_by_frequency_matrix,Exact row match after SE-column alignment
118,704,DB19378,megestrol,Megestrol,resolved_by_frequency_matrix,Exact row match after SE-column alignment
119,374,DB00355,aztreonam,Aztreonam,resolved_by_frequency_matrix,Exact row match after SE-column alignment
120,526,DB00360,sapropterin,Sapropterin,resolved_by_frequency_matrix,Exact row match after SE-column alignment
121,347,DB00361,vinorelbine,Vinorelbine,resolved_by_frequency_matrix,Exact row match after SE-column alignment
122,706,DB00362,anidulafungin,Anidulafungin,resolved_by_frequency_matrix,Exact row match after SE-column alignment
123,746,DB00363,clozapine,Clozapine,resolved_by_frequency_matrix,Exact row match after SE-column alignment
124,453,DB00367,levonorgestrel,Levonorgestrel,resolved_by_frequency_matrix,Exact row match after SE-column alignment
125,740,DB00369,cidofovir,Cidofovir,resolved_by_frequency_matrix,Exact row match after SE-column alignment
126,535,DB00370,mirtazapine,Mirtazapine,resolved_by_frequency_matrix,Exact row match after SE-column alignment
127,517,DB00373,timolol,Timolol,resolved_by_frequency_matrix,Exact row match after SE-column alignment
128,443,DB00374,treprostinil,Treprostinil,resolved_by_frequency_matrix,Exact row match after SE-column alignment
129,253,DB00377,palonosetron,Palonosetron,resolved_by_frequency_matrix,Exact row match after SE-column alignment
130,200,DB00379,mexiletine,Mexiletine,resolved_by_frequency_matrix,Exact row match after SE-column alignment
131,734,DB00380,dexrazoxane,Dexrazoxane,resolved_by_frequency_matrix,Exact row match after SE-column alignment
132,387,DB00381,amlodipine,Amlodipine,resolved_by_frequency_matrix,Exact row match after SE-column alignment
133,542,DB00390,digoxin,Digoxin,resolved_by_frequency_matrix,Exact row match after SE-column alignment
134,682,DB00393,nimodipine,Nimodipine,resolved_by_frequency_matrix,Exact row match after SE-column alignment
135,73,DB00394,beclometasone,Beclomethasone,resolved_by_frequency_matrix,Exact row match after SE-column alignment
136,317,DB00396,progesterone,Progesterone,resolved_by_frequency_matrix,Exact row match after SE-column alignment
137,649,DB00398,sorafenib,Sorafenib,resolved_by_frequency_matrix,Exact row match after SE-column alignment
138,385,DB00399,zoledronic acid,Zoledronic acid,resolved_by_frequency_matrix,Exact row match after SE-column alignment
139,684,DB00401,nisoldipine,Nisoldipine,resolved_by_frequency_matrix,Exact row match after SE-column alignment
140,551,DB00402,eszopiclone,Eszopiclone,resolved_by_frequency_matrix,Exact row match after SE-column alignment
141,436,DB00404,alprazolam,Alprazolam,resolved_by_frequency_matrix,Exact row match after SE-column alignment
142,606,DB00408,loxapine,Loxapine,resolved_by_frequency_matrix,Exact row match after SE-column alignment
143,244,DB00410,mupirocin,Mupirocin,resolved_by_frequency_matrix,Exact row match after SE-column alignment
144,462,DB00412,rosiglitazone,Rosiglitazone,resolved_by_frequency_matrix,Exact row match after SE-column alignment
145,259,DB00413,pramipexole,Pramipexole,resolved_by_frequency_matrix,Exact row match after SE-column alignment
146,146,DB00419,miglustat,Miglustat,resolved_by_frequency_matrix,Exact row match after SE-column alignment
147,319,DB00422,methylphenidate,Methylphenidate,resolved_by_frequency_matrix,Exact row match after SE-column alignment
148,427,DB00424,hyoscyamine,Hyoscyamine,resolved_by_frequency_matrix,Exact row match after SE-column alignment
149,359,DB00425,zolpidem,Zolpidem,resolved_by_frequency_matrix,Exact row match after SE-column alignment
150,88,DB00426,famciclovir,Famciclovir,resolved_by_frequency_matrix,Exact row match after SE-column alignment
151,579,DB00428,streptozocin,Streptozocin,resolved_by_frequency_matrix,Exact row match after SE-column alignment
152,263,DB00437,allopurinol,Allopurinol,resolved_by_frequency_matrix,Exact row match after SE-column alignment
153,227,DB00438,ceftazidime,Ceftazidime,resolved_by_frequency_matrix,Exact row match after SE-column alignment
154,361,DB00439,cerivastatin,Cerivastatin,resolved_by_frequency_matrix,Exact row match after SE-column alignment
155,505,DB00440,trimethoprim,Trimethoprim,resolved_by_frequency_matrix,Exact row match after SE-column alignment
156,725,DB00441,gemcitabine,Gemcitabine,resolved_by_frequency_matrix,Exact row match after SE-column alignment
157,371,DB00442,entecavir,Entecavir,resolved_by_frequency_matrix,Exact row match after SE-column alignment
158,439,DB00444,teniposide,Teniposide,resolved_by_frequency_matrix,Exact row match after SE-column alignment
159,614,DB00445,epirubicin,Epirubicin,resolved_by_frequency_matrix,Exact row match after SE-column alignment
160,652,DB00448,lansoprazole,Lansoprazole,resolved_by_frequency_matrix,Exact row match after SE-column alignment
161,538,DB00455,loratadine,Loratadine,resolved_by_frequency_matrix,Exact row match after SE-column alignment
162,335,DB00457,prazosin,Prazosin,resolved_by_frequency_matrix,Exact row match after SE-column alignment
163,68,DB00458,imipramine,Imipramine,resolved_by_frequency_matrix,Exact row match after SE-column alignment
164,483,DB00459,acitretin,Acitretin,resolved_by_frequency_matrix,Exact row match after SE-column alignment
165,530,DB00460,verteporfin,Verteporfin,resolved_by_frequency_matrix,Exact row match after SE-column alignment
166,274,DB00461,nabumetone,Nabumetone,resolved_by_frequency_matrix,Exact row match after SE-column alignment
167,91,DB00465,ketorolac,Ketorolac,resolved_by_frequency_matrix,Exact row match after SE-column alignment
168,306,DB00471,montelukast,Montelukast,resolved_by_frequency_matrix,Exact row match after SE-column alignment
169,584,DB00472,fluoxetine,Fluoxetine,resolved_by_frequency_matrix,Exact row match after SE-column alignment
170,51,DB00476,duloxetine,Duloxetine,resolved_by_frequency_matrix,Exact row match after SE-column alignment
171,220,DB00478,rimantadine,Rimantadine,resolved_by_frequency_matrix,Exact row match after SE-column alignment
172,741,DB00480,lenalidomide,Lenalidomide,resolved_by_frequency_matrix,Exact row match after SE-column alignment
173,434,DB00481,raloxifene,Raloxifene,resolved_by_frequency_matrix,Exact row match after SE-column alignment
174,683,DB00482,celecoxib,Celecoxib,resolved_by_frequency_matrix,Exact row match after SE-column alignment
175,158,DB00484,brimonidine,Brimonidine,resolved_by_frequency_matrix,Exact row match after SE-column alignment
176,125,DB00485,dicloxacillin,Dicloxacillin,resolved_by_frequency_matrix,Exact row match after SE-column alignment
177,496,DB00486,nabilone,Nabilone,resolved_by_frequency_matrix,Exact row match after SE-column alignment
178,231,DB00489,sotalol,Sotalol,resolved_by_frequency_matrix,Exact row match after SE-column alignment
179,719,DB00490,buspirone,Buspirone,resolved_by_frequency_matrix,Exact row match after SE-column alignment
180,557,DB00492,fosinopril,Fosinopril,resolved_by_frequency_matrix,Exact row match after SE-column alignment
181,89,DB00494,entacapone,Entacapone,resolved_by_frequency_matrix,Exact row match after SE-column alignment
182,596,DB00495,zidovudine,Zidovudine,resolved_by_frequency_matrix,Exact row match after SE-column alignment
183,72,DB00496,darifenacin,Darifenacin,resolved_by_frequency_matrix,Exact row match after SE-column alignment
184,489,DB00497,oxycodone,Oxycodone,resolved_by_frequency_matrix,Exact row match after SE-column alignment
185,705,DB00499,flutamide,Flutamide,resolved_by_frequency_matrix,Exact row match after SE-column alignment
186,446,DB00501,cimetidine,Cimetidine,resolved_by_frequency_matrix,Exact row match after SE-column alignment
187,574,DB00502,haloperidol,Haloperidol,resolved_by_frequency_matrix,Exact row match after SE-column alignment
188,137,DB00503,ritonavir,Ritonavir,resolved_by_frequency_matrix,Exact row match after SE-column alignment
189,81,DB00507,nitazoxanide,Nitazoxanide,resolved_by_frequency_matrix,Exact row match after SE-column alignment
190,393,DB00512,vancomycin,Vancomycin,resolved_by_frequency_matrix,Exact row match after SE-column alignment
191,658,DB00514,dextromethorphan,Dextromethorphan,resolved_by_frequency_matrix,Exact row match after SE-column alignment
192,211,DB00518,albendazole,Albendazole,resolved_by_frequency_matrix,Exact row match after SE-column alignment
193,108,DB00519,trandolapril,Trandolapril,resolved_by_frequency_matrix,Exact row match after SE-column alignment
194,423,DB00520,caspofungin,Caspofungin,resolved_by_frequency_matrix,Exact row match after SE-column alignment
195,713,DB00523,alitretinoin,Alitretinoin,resolved_by_frequency_matrix,Exact row match after SE-column alignment
196,196,DB00524,metolazone,Metolazone,resolved_by_frequency_matrix,Exact row match after SE-column alignment
197,153,DB00526,oxaliplatin,Oxaliplatin,resolved_by_frequency_matrix,Exact row match after SE-column alignment
198,49,DB00528,lercanidipine,Lercanidipine,resolved_by_frequency_matrix,Exact row match after SE-column alignment
199,619,DB00529,foscarnet,Foscarnet,resolved_by_frequency_matrix,Exact row match after SE-column alignment
200,739,DB00530,erlotinib,Erlotinib,resolved_by_frequency_matrix,Exact row match after SE-column alignment
201,627,DB00531,cyclophosphamide,Cyclophosphamide,resolved_by_frequency_matrix,Exact row match after SE-column alignment
202,680,DB00533,rofecoxib,Rofecoxib,resolved_by_frequency_matrix,Exact row match after SE-column alignment
203,381,DB00537,ciprofloxacin,Ciprofloxacin,resolved_by_frequency_matrix,Exact row match after SE-column alignment
204,74,DB00538,gadoversetamide,Gadoversetamide,resolved_by_frequency_matrix,Exact row match after SE-column alignment
205,87,DB00539,toremifene,Toremifene,resolved_by_frequency_matrix,Exact row match after SE-column alignment
206,266,DB00541,vincristine,Vincristine,resolved_by_frequency_matrix,Exact row match after SE-column alignment
207,583,DB00542,benazepril,Benazepril,resolved_by_frequency_matrix,Exact row match after SE-column alignment
208,585,DB00544,fluorouracil,Fluorouracil,resolved_by_frequency_matrix,Exact row match after SE-column alignment
209,166,DB00545,pyridostigmine,Pyridostigmine,resolved_by_frequency_matrix,Exact row match after SE-column alignment
210,9,DB00548,azelaic acid,Azelaic acid,resolved_by_frequency_matrix,Exact row match after SE-column alignment
211,250,DB00549,zafirlukast,Zafirlukast,resolved_by_frequency_matrix,Exact row match after SE-column alignment
212,617,DB00552,pentostatin,Pentostatin,resolved_by_frequency_matrix,Exact row match after SE-column alignment
213,532,DB00554,piroxicam,Piroxicam,resolved_by_frequency_matrix,Exact row match after SE-column alignment
214,248,DB00555,lamotrigine,Lamotrigine,resolved_by_frequency_matrix,Exact row match after SE-column alignment
215,368,DB00558,zanamivir,Zanamivir,resolved_by_frequency_matrix,Exact row match after SE-column alignment
216,113,DB00559,bosentan,Bosentan,resolved_by_frequency_matrix,Exact row match after SE-column alignment
217,350,DB00560,tigecycline,Tigecycline,resolved_by_frequency_matrix,Exact row match after SE-column alignment
218,312,DB00563,methotrexate,Methotrexate,resolved_by_frequency_matrix,Exact row match after SE-column alignment
219,331,DB00564,carbamazepine,Carbamazepine,resolved_by_frequency_matrix,Exact row match after SE-column alignment
220,22,DB00565,cisatracurium,Cisatracurium,resolved_by_frequency_matrix,Exact row match after SE-column alignment
221,284,DB00569,fondaparinux,Fondaparinux,resolved_by_frequency_matrix,Exact row match after SE-column alignment
222,435,DB00571,propranolol,Propranolol,resolved_by_frequency_matrix,Exact row match after SE-column alignment
223,689,DB00575,clonidine,Clonidine,resolved_by_frequency_matrix,Exact row match after SE-column alignment
224,567,DB00577,valaciclovir,Valaciclovir,resolved_by_frequency_matrix,Exact row match after SE-column alignment
225,364,DB00580,valdecoxib,Valdecoxib,resolved_by_frequency_matrix,Exact row match after SE-column alignment
226,172,DB00582,voriconazole,Voriconazole,resolved_by_frequency_matrix,Exact row match after SE-column alignment
227,491,DB00583,levocarnitine,Levocarnitine,resolved_by_frequency_matrix,Exact row match after SE-column alignment
228,138,DB00584,enalapril,Enalapril,resolved_by_frequency_matrix,Exact row match after SE-column alignment
229,630,DB00585,nizatidine,Nizatidine,resolved_by_frequency_matrix,Exact row match after SE-column alignment
230,126,DB00586,diclofenac,Diclofenac,resolved_by_frequency_matrix,Exact row match after SE-column alignment
231,636,DB00590,doxazosin,Doxazosin,resolved_by_frequency_matrix,Exact row match after SE-column alignment
232,99,DB00594,amiloride,Amiloride,resolved_by_frequency_matrix,Exact row match after SE-column alignment
233,442,DB00597,gadoteridol,Gadoteridol,resolved_by_frequency_matrix,Exact row match after SE-column alignment
234,309,DB00598,labetalol,Labetalol,resolved_by_frequency_matrix,Exact row match after SE-column alignment
235,644,DB00601,linezolid,Linezolid,resolved_by_frequency_matrix,Exact row match after SE-column alignment
236,612,DB00602,ivermectin,Ivermectin,resolved_by_frequency_matrix,Exact row match after SE-column alignment
237,14,DB00603,medroxyprogesterone,Medroxyprogesterone acetate,resolved_by_frequency_matrix,Exact row match after SE-column alignment
238,188,DB00611,butorphanol,Butorphanol,resolved_by_frequency_matrix,Exact row match after SE-column alignment
239,221,DB00612,bisoprolol,Bisoprolol,resolved_by_frequency_matrix,Exact row match after SE-column alignment
240,25,DB00615,rifabutin,Rifabutin,resolved_by_frequency_matrix,Exact row match after SE-column alignment
241,107,DB00619,imatinib,Imatinib,resolved_by_frequency_matrix,Exact row match after SE-column alignment
242,595,DB00620,triamcinolone,Triamcinolone,resolved_by_frequency_matrix,Exact row match after SE-column alignment
243,717,DB00624,testosterone,Testosterone,resolved_by_frequency_matrix,Exact row match after SE-column alignment
244,149,DB00625,efavirenz,Efavirenz,resolved_by_frequency_matrix,Exact row match after SE-column alignment
245,210,DB00630,alendronic acid,Alendronic acid,resolved_by_frequency_matrix,Exact row match after SE-column alignment
246,752,DB00631,clofarabine,Clofarabine,resolved_by_frequency_matrix,Exact row match after SE-column alignment
247,432,DB00633,dexmedetomidine,Dexmedetomidine,resolved_by_frequency_matrix,Exact row match after SE-column alignment
248,708,DB00640,adenosine,Adenosine,resolved_by_frequency_matrix,Exact row match after SE-column alignment
249,618,DB00641,simvastatin,Simvastatin,resolved_by_frequency_matrix,Exact row match after SE-column alignment
250,320,DB00642,pemetrexed,Pemetrexed,resolved_by_frequency_matrix,Exact row match after SE-column alignment
251,738,DB00644,gonadorelin,Gonadorelin,resolved_by_frequency_matrix,Exact row match after SE-column alignment
252,747,DB00649,stavudine,Stavudine,resolved_by_frequency_matrix,Exact row match after SE-column alignment
253,180,DB00650,calcium folinate,Leucovorin,resolved_by_frequency_matrix,Exact row match after SE-column alignment
254,213,DB00654,latanoprost,Latanoprost,resolved_by_frequency_matrix,Exact row match after SE-column alignment
255,471,DB00655,estrone,Estrone,resolved_by_frequency_matrix,Exact row match after SE-column alignment
256,33,DB00656,trazodone,Trazodone,resolved_by_frequency_matrix,Exact row match after SE-column alignment
257,20,DB00658,sevelamer,Sevelamer,resolved_by_frequency_matrix,Exact row match after SE-column alignment
258,228,DB00659,acamprosate,Acamprosate,resolved_by_frequency_matrix,Exact row match after SE-column alignment
259,267,DB00661,verapamil,Verapamil,resolved_by_frequency_matrix,Exact row match after SE-column alignment
260,268,DB00665,nilutamide,Nilutamide,resolved_by_frequency_matrix,Exact row match after SE-column alignment
261,519,DB00666,nafarelin,Nafarelin,resolved_by_frequency_matrix,Exact row match after SE-column alignment
262,403,DB00669,sumatriptan,Sumatriptan,resolved_by_frequency_matrix,Exact row match after SE-column alignment
263,23,DB00671,cefixime,Cefixime,resolved_by_frequency_matrix,Exact row match after SE-column alignment
264,132,DB00673,aprepitant,Aprepitant,resolved_by_frequency_matrix,Exact row match after SE-column alignment
265,679,DB00674,galantamine,Galantamine,resolved_by_frequency_matrix,Exact row match after SE-column alignment
266,500,DB00675,tamoxifen,Tamoxifen,resolved_by_frequency_matrix,Exact row match after SE-column alignment
267,607,DB00678,losartan,Losartan,resolved_by_frequency_matrix,Exact row match after SE-column alignment
268,156,DB00681,amphotericin B,Amphotericin B,resolved_by_frequency_matrix,Exact row match after SE-column alignment
269,183,DB00683,midazolam,Midazolam,resolved_by_frequency_matrix,Exact row match after SE-column alignment
270,236,DB00684,tobramycin,Tobramycin,resolved_by_frequency_matrix,Exact row match after SE-column alignment
271,569,DB00685,trovafloxacin,Trovafloxacin,resolved_by_frequency_matrix,Exact row match after SE-column alignment
272,298,DB00686,pentosan polysulfate sodium,Pentosan polysulfate,resolved_by_frequency_matrix,Exact row match after SE-column alignment
273,42,DB00691,moexipril,Moexipril,resolved_by_frequency_matrix,Exact row match after SE-column alignment
274,590,DB00692,phentolamine,Phentolamine,resolved_by_frequency_matrix,Exact row match after SE-column alignment
275,566,DB00693,fluorescein,Fluorescein,resolved_by_frequency_matrix,Exact row match after SE-column alignment
276,193,DB00694,daunorubicin,Daunorubicin,resolved_by_frequency_matrix,Exact row match after SE-column alignment
277,445,DB00695,furosemide,Furosemide,resolved_by_frequency_matrix,Exact row match after SE-column alignment
278,291,DB00697,tizanidine,Tizanidine,resolved_by_frequency_matrix,Exact row match after SE-column alignment
279,660,DB00700,eplerenone,Eplerenone,resolved_by_frequency_matrix,Exact row match after SE-column alignment
280,420,DB00701,amprenavir,Amprenavir,resolved_by_frequency_matrix,Exact row match after SE-column alignment
281,611,DB00704,naltrexone,Naltrexone,resolved_by_frequency_matrix,Exact row match after SE-column alignment
282,39,DB00705,delavirdine,Delavirdine,resolved_by_frequency_matrix,Exact row match after SE-column alignment
283,700,DB00706,tamsulosin,Tamsulosin,resolved_by_frequency_matrix,Exact row match after SE-column alignment
284,96,DB00707,porfimer sodium,Porfimer sodium,resolved_by_frequency_matrix,Exact row match after SE-column alignment
285,21,DB00708,sufentanil,Sufentanil,resolved_by_frequency_matrix,Exact row match after SE-column alignment
286,5,DB00709,lamivudine,Lamivudine,resolved_by_frequency_matrix,Exact row match after SE-column alignment
287,366,DB00710,ibandronic acid,Ibandronate,resolved_by_frequency_matrix,Exact row match after SE-column alignment
288,663,DB00714,apomorphine,Apomorphine,resolved_by_frequency_matrix,Exact row match after SE-column alignment
289,328,DB00715,paroxetine,Paroxetine,resolved_by_frequency_matrix,Exact row match after SE-column alignment
290,255,DB00718,adefovir dipivoxil,Adefovir dipivoxil,resolved_by_frequency_matrix,Exact row match after SE-column alignment
291,634,DB00722,lisinopril,Lisinopril,resolved_by_frequency_matrix,Exact row match after SE-column alignment
292,722,DB00724,imiquimod,Imiquimod,resolved_by_frequency_matrix,Exact row match after SE-column alignment
293,160,DB00727,glyceryl trinitrate,Nitroglycerin,resolved_by_frequency_matrix,Exact row match after SE-column alignment
294,59,DB00731,nateglinide,Nateglinide,resolved_by_frequency_matrix,Exact row match after SE-column alignment
295,218,DB00734,risperidone,Risperidone,resolved_by_frequency_matrix,Exact row match after SE-column alignment
296,181,DB00735,naftifine,Naftifine,resolved_by_frequency_matrix,Exact row match after SE-column alignment
297,543,DB00736,esomeprazole,Esomeprazole,resolved_by_frequency_matrix,Exact row match after SE-column alignment
298,3,DB00738,pentamidine isethionate,Pentamidine,resolved_by_frequency_matrix,Exact row match after SE-column alignment
299,219,DB00740,riluzole,Riluzole,resolved_by_frequency_matrix,Exact row match after SE-column alignment
300,476,DB00741,hydrocortisone,Hydrocortisone,resolved_by_frequency_matrix,Exact row match after SE-column alignment
301,234,DB00742,mannitol,Mannitol,resolved_by_frequency_matrix,Exact row match after SE-column alignment
302,164,DB00743,gadobenic acid,Gadobenic acid,resolved_by_frequency_matrix,Exact row match after SE-column alignment
303,477,DB00745,modafinil,Modafinil,resolved_by_frequency_matrix,Exact row match after SE-column alignment
304,458,DB00746,deferoxamine,Deferoxamine,resolved_by_frequency_matrix,Exact row match after SE-column alignment
305,714,DB00755,tretinoin,Tretinoin,resolved_by_frequency_matrix,Exact row match after SE-column alignment
306,276,DB00757,dolasetron,Dolasetron,resolved_by_frequency_matrix,Exact row match after SE-column alignment
307,573,DB00758,clopidogrel,Clopidogrel,resolved_by_frequency_matrix,Exact row match after SE-column alignment
308,511,DB00760,meropenem,Meropenem,resolved_by_frequency_matrix,Exact row match after SE-column alignment
309,50,DB00762,irinotecan,Irinotecan,resolved_by_frequency_matrix,Exact row match after SE-column alignment
310,468,DB00768,olopatadine,Olopatadine,resolved_by_frequency_matrix,Exact row match after SE-column alignment
311,130,DB00770,alprostadil,Alprostadil,resolved_by_frequency_matrix,Exact row match after SE-column alignment
312,674,DB00773,etoposide,Etoposide,resolved_by_frequency_matrix,Exact row match after SE-column alignment
313,608,DB00775,tirofiban,Tirofiban,resolved_by_frequency_matrix,Exact row match after SE-column alignment
314,127,DB00776,oxcarbazepine,Oxcarbazepine,resolved_by_frequency_matrix,Exact row match after SE-column alignment
315,475,DB00783,estradiol,Estradiol,resolved_by_frequency_matrix,Exact row match after SE-column alignment
316,449,DB00787,aciclovir,Aciclovir,resolved_by_frequency_matrix,Exact row match after SE-column alignment
317,751,DB00788,naproxen,Naproxen,resolved_by_frequency_matrix,Exact row match after SE-column alignment
318,327,DB00790,perindopril,Perindopril,resolved_by_frequency_matrix,Exact row match after SE-column alignment
319,303,DB00795,sulfasalazine,Sulfasalazine,resolved_by_frequency_matrix,Exact row match after SE-column alignment
320,224,DB00799,tazarotene,Tazarotene,resolved_by_frequency_matrix,Exact row match after SE-column alignment
321,0,DB00802,alfentanil,Alfentanil,resolved_by_frequency_matrix,Exact row match after SE-column alignment
322,523,DB00804,dicycloverine,Dicyclomine,resolved_by_frequency_matrix,Exact row match after SE-column alignment
323,147,DB00806,pentoxifylline,Pentoxifylline,resolved_by_frequency_matrix,Exact row match after SE-column alignment
324,615,DB00808,indapamide,Indapamide,resolved_by_frequency_matrix,Exact row match after SE-column alignment
325,71,DB00811,ribavirin,Ribavirin,resolved_by_frequency_matrix,Exact row match after SE-column alignment
326,30,DB00813,fentanyl,Fentanyl,resolved_by_frequency_matrix,Exact row match after SE-column alignment
327,485,DB00814,meloxicam,Meloxicam,resolved_by_frequency_matrix,Exact row match after SE-column alignment
328,310,DB00816,orciprenaline,Orciprenaline,resolved_by_frequency_matrix,Exact row match after SE-column alignment
329,40,DB00820,tadalafil,Tadalafil,resolved_by_frequency_matrix,Exact row match after SE-column alignment
330,365,DB00828,fosfomycin,Fosfomycin,resolved_by_frequency_matrix,Exact row match after SE-column alignment
331,235,DB00829,diazepam,Diazepam,resolved_by_frequency_matrix,Exact row match after SE-column alignment
332,251,DB00833,cefaclor,Cefaclor,resolved_by_frequency_matrix,Exact row match after SE-column alignment
333,360,DB00834,mifepristone,Mifepristone,resolved_by_frequency_matrix,Exact row match after SE-column alignment
334,635,DB00843,donepezil,Donepezil,resolved_by_frequency_matrix,Exact row match after SE-column alignment
335,506,DB00847,mercaptamine,Cysteamine,resolved_by_frequency_matrix,Exact row match after SE-column alignment
336,486,DB00851,dacarbazine,Dacarbazine,resolved_by_frequency_matrix,Exact row match after SE-column alignment
337,282,DB00853,temozolomide,Temozolomide,resolved_by_frequency_matrix,Exact row match after SE-column alignment
338,620,DB00855,aminolevulinic acid,Aminolevulinic acid,resolved_by_frequency_matrix,Exact row match after SE-column alignment
339,45,DB00857,terbinafine,Terbinafine,resolved_by_frequency_matrix,Exact row match after SE-column alignment
340,4,DB00859,penicillamine,Penicillamine,resolved_by_frequency_matrix,Exact row match after SE-column alignment
341,41,DB00862,vardenafil,Vardenafil,resolved_by_frequency_matrix,Exact row match after SE-column alignment
342,123,DB00864,tacrolimus,Tacrolimus,resolved_by_frequency_matrix,Exact row match after SE-column alignment
343,639,DB00871,terbutaline,Terbutaline,resolved_by_frequency_matrix,Exact row match after SE-column alignment
344,185,DB00872,conivaptan,Conivaptan,resolved_by_frequency_matrix,Exact row match after SE-column alignment
345,691,DB00876,eprosartan,Eprosartan,resolved_by_frequency_matrix,Exact row match after SE-column alignment
346,429,DB00877,sirolimus,Sirolimus,resolved_by_frequency_matrix,Exact row match after SE-column alignment
347,256,DB00879,emtricitabine,Emtricitabine,resolved_by_frequency_matrix,Exact row match after SE-column alignment
348,732,DB00881,quinapril,Quinapril,resolved_by_frequency_matrix,Exact row match after SE-column alignment
349,174,DB00882,clomifene,Clomifene,resolved_by_frequency_matrix,Exact row match after SE-column alignment
350,293,DB00884,risedronic acid,Risedronic acid,resolved_by_frequency_matrix,Exact row match after SE-column alignment
351,721,DB00887,bumetanide,Bumetanide,resolved_by_frequency_matrix,Exact row match after SE-column alignment
352,43,DB00888,chlormethine,Mechlorethamine,resolved_by_frequency_matrix,Exact row match after SE-column alignment
353,547,DB00889,granisetron,Granisetron,resolved_by_frequency_matrix,Exact row match after SE-column alignment
354,696,DB00897,triazolam,Triazolam,resolved_by_frequency_matrix,Exact row match after SE-column alignment
355,145,DB00899,remifentanil,Remifentanil,resolved_by_frequency_matrix,Exact row match after SE-column alignment
356,184,DB00900,didanosine,Didanosine,resolved_by_frequency_matrix,Exact row match after SE-column alignment
357,514,DB00904,ondansetron,Ondansetron,resolved_by_frequency_matrix,Exact row match after SE-column alignment
358,656,DB00905,bimatoprost,Bimatoprost,resolved_by_frequency_matrix,Exact row match after SE-column alignment
359,18,DB00906,tiagabine,Tiagabine,resolved_by_frequency_matrix,Exact row match after SE-column alignment
360,534,DB00908,quinidine,Quinidine,resolved_by_frequency_matrix,Exact row match after SE-column alignment
361,357,DB00909,zonisamide,Zonisamide,resolved_by_frequency_matrix,Exact row match after SE-column alignment
362,459,DB00910,paricalcitol,Paricalcitol,resolved_by_frequency_matrix,Exact row match after SE-column alignment
363,122,DB00911,tinidazole,Tinidazole,resolved_by_frequency_matrix,Exact row match after SE-column alignment
364,92,DB00912,repaglinide,Repaglinide,resolved_by_frequency_matrix,Exact row match after SE-column alignment
365,563,DB00915,amantadine,Amantadine,resolved_by_frequency_matrix,Exact row match after SE-column alignment
366,198,DB00916,metronidazole,Metronidazole,resolved_by_frequency_matrix,Exact row match after SE-column alignment
367,83,DB00918,almotriptan,Almotriptan,resolved_by_frequency_matrix,Exact row match after SE-column alignment
368,743,DB00921,buprenorphine,Buprenorphine,resolved_by_frequency_matrix,Exact row match after SE-column alignment
369,344,DB00922,levosimendan,Levosimendan,resolved_by_frequency_matrix,Exact row match after SE-column alignment
370,305,DB00924,cyclobenzaprine,Cyclobenzaprine,resolved_by_frequency_matrix,Exact row match after SE-column alignment
371,622,DB00927,famotidine,Famotidine,resolved_by_frequency_matrix,Exact row match after SE-column alignment
372,613,DB00928,azacitidine,Azacitidine,resolved_by_frequency_matrix,Exact row match after SE-column alignment
373,531,DB00929,misoprostol,Misoprostol,resolved_by_frequency_matrix,Exact row match after SE-column alignment
374,124,DB00930,colesevelam,Colesevelam,resolved_by_frequency_matrix,Exact row match after SE-column alignment
375,16,DB00932,tipranavir,Tipranavir,resolved_by_frequency_matrix,Exact row match after SE-column alignment
376,709,DB00934,maprotiline,Maprotiline,resolved_by_frequency_matrix,Exact row match after SE-column alignment
377,723,DB00938,salmeterol,Salmeterol,resolved_by_frequency_matrix,Exact row match after SE-column alignment
378,157,DB00947,fulvestrant,Fulvestrant,resolved_by_frequency_matrix,Exact row match after SE-column alignment
379,173,DB00949,felbamate,Felbamate,resolved_by_frequency_matrix,Exact row match after SE-column alignment
380,27,DB00950,fexofenadine,Fexofenadine,resolved_by_frequency_matrix,Exact row match after SE-column alignment
381,497,DB00952,naratriptan,Naratriptan,resolved_by_frequency_matrix,Exact row match after SE-column alignment
382,217,DB00953,rizatriptan,Rizatriptan,resolved_by_frequency_matrix,Exact row match after SE-column alignment
383,548,DB00956,hydrocodone,Hydrocodone,resolved_by_frequency_matrix,Exact row match after SE-column alignment
384,549,DB00958,carboplatin,Carboplatin,resolved_by_frequency_matrix,Exact row match after SE-column alignment
385,64,DB00960,pindolol,Pindolol,resolved_by_frequency_matrix,Exact row match after SE-column alignment
386,249,DB00962,zaleplon,Zaleplon,resolved_by_frequency_matrix,Exact row match after SE-column alignment
387,154,DB00964,apraclonidine,Apraclonidine,resolved_by_frequency_matrix,Exact row match after SE-column alignment
388,140,DB00966,telmisartan,Telmisartan,resolved_by_frequency_matrix,Exact row match after SE-column alignment
389,323,DB00967,desloratadine,Desloratadine,resolved_by_frequency_matrix,Exact row match after SE-column alignment
390,177,DB00969,alosetron,Alosetron,resolved_by_frequency_matrix,Exact row match after SE-column alignment
391,10,DB00972,azelastine,Azelastine,resolved_by_frequency_matrix,Exact row match after SE-column alignment
392,422,DB00973,ezetimibe,Ezetimibe,resolved_by_frequency_matrix,Exact row match after SE-column alignment
393,352,DB00975,dipyridamole,Dipyridamole,resolved_by_frequency_matrix,Exact row match after SE-column alignment
394,1,DB00976,telithromycin,Telithromycin,resolved_by_frequency_matrix,Exact row match after SE-column alignment
395,479,DB00978,lomefloxacin,Lomefloxacin,resolved_by_frequency_matrix,Exact row match after SE-column alignment
396,247,DB00980,ramelteon,Ramelteon,resolved_by_frequency_matrix,Exact row match after SE-column alignment
397,411,DB00982,isotretinoin,Isotretinoin,resolved_by_frequency_matrix,Exact row match after SE-column alignment
398,726,DB00983,formoterol,Formoterol,resolved_by_frequency_matrix,Exact row match after SE-column alignment
399,262,DB00986,glycopyrronium bromide,Glycopyrronium,resolved_by_frequency_matrix,Exact row match after SE-column alignment
400,277,DB00987,cytarabine,Cytarabine,resolved_by_frequency_matrix,Exact row match after SE-column alignment
401,465,DB00989,rivastigmine,Rivastigmine,resolved_by_frequency_matrix,Exact row match after SE-column alignment
402,334,DB00990,exemestane,Exemestane,resolved_by_frequency_matrix,Exact row match after SE-column alignment
403,32,DB00992,methyl aminolevulinate,Methyl aminolevulinate,resolved_by_frequency_matrix,Exact row match after SE-column alignment
404,11,DB00993,azathioprine,Azathioprine,resolved_by_frequency_matrix,Exact row match after SE-column alignment
405,461,DB00995,auranofin,Auranofin,resolved_by_frequency_matrix,Exact row match after SE-column alignment
406,444,DB00996,gabapentin,Gabapentin,resolved_by_frequency_matrix,Exact row match after SE-column alignment
407,669,DB00997,doxorubicin,Doxorubicin,resolved_by_frequency_matrix,Exact row match after SE-column alignment
408,467,DB00998,frovatriptan,Frovatriptan,resolved_by_frequency_matrix,Exact row match after SE-column alignment
409,609,DB00999,hydrochlorothiazide,Hydrochlorothiazide,resolved_by_frequency_matrix,Exact row match after SE-column alignment
410,212,DB01001,salbutamol,Salbutamol,resolved_by_frequency_matrix,Exact row match after SE-column alignment
411,86,DB01002,levobupivacaine,Levobupivacaine,resolved_by_frequency_matrix,Exact row match after SE-column alignment
412,245,DB01003,cromoglicic acid,Cromoglicic acid,resolved_by_frequency_matrix,Exact row match after SE-column alignment
413,389,DB01004,ganciclovir,Ganciclovir,resolved_by_frequency_matrix,Exact row match after SE-column alignment
414,265,DB01005,hydroxycarbamide,Hydroxyurea,resolved_by_frequency_matrix,Exact row match after SE-column alignment
415,254,DB01006,letrozole,Letrozole,resolved_by_frequency_matrix,Exact row match after SE-column alignment
416,724,DB01008,busulfan,Busulfan,resolved_by_frequency_matrix,Exact row match after SE-column alignment
417,576,DB01011,metyrapone,Metyrapone,resolved_by_frequency_matrix,Exact row match after SE-column alignment
418,354,DB01012,cinacalcet,Cinacalcet,resolved_by_frequency_matrix,Exact row match after SE-column alignment
419,698,DB01014,balsalazide,Balsalazide,resolved_by_frequency_matrix,Exact row match after SE-column alignment
420,501,,sulfamethoxazole and trimethoprim,,resolved_by_frequency_matrix,Exact row match after SE-column alignment
421,744,DB01017,minocycline,Minocycline,resolved_by_frequency_matrix,Exact row match after SE-column alignment
422,19,DB01018,guanfacine,Guanfacine,resolved_by_frequency_matrix,Exact row match after SE-column alignment
423,536,DB01020,isosorbide mononitrate,Isosorbide mononitrate,resolved_by_frequency_matrix,Exact row match after SE-column alignment
424,527,DB01024,mycophenolic acid,Mycophenolic acid,resolved_by_frequency_matrix,Exact row match after SE-column alignment
425,386,DB01025,amlexanox,Amlexanox,resolved_by_frequency_matrix,Exact row match after SE-column alignment
426,54,DB01029,irbesartan,Irbesartan,resolved_by_frequency_matrix,Exact row match after SE-column alignment
427,273,DB01030,topotecan,Topotecan,resolved_by_frequency_matrix,Exact row match after SE-column alignment
428,568,DB01036,tolterodine,Tolterodine,resolved_by_frequency_matrix,Exact row match after SE-column alignment
429,592,DB01037,selegiline,Selegiline,resolved_by_frequency_matrix,Exact row match after SE-column alignment
430,176,DB01039,fenofibrate,Fenofibrate,resolved_by_frequency_matrix,Exact row match after SE-column alignment
431,749,DB01041,thalidomide,Thalidomide,resolved_by_frequency_matrix,Exact row match after SE-column alignment
432,46,DB01042,melphalan,Melphalan,resolved_by_frequency_matrix,Exact row match after SE-column alignment
433,484,DB01043,memantine,Memantine,resolved_by_frequency_matrix,Exact row match after SE-column alignment
434,525,DB01044,gatifloxacin,Gatifloxacin,resolved_by_frequency_matrix,Exact row match after SE-column alignment
435,31,DB01046,lubiprostone,Lubiprostone,resolved_by_frequency_matrix,Exact row match after SE-column alignment
436,735,DB01047,fluocinonide,Fluocinonide,resolved_by_frequency_matrix,Exact row match after SE-column alignment
437,710,DB01048,abacavir,Abacavir,resolved_by_frequency_matrix,Exact row match after SE-column alignment
438,375,DB01050,ibuprofen,Ibuprofen,resolved_by_frequency_matrix,Exact row match after SE-column alignment
439,430,DB01059,norfloxacin,Norfloxacin,resolved_by_frequency_matrix,Exact row match after SE-column alignment
440,450,DB01060,amoxicillin,Amoxicillin,resolved_by_frequency_matrix,Exact row match after SE-column alignment
441,98,DB01062,oxybutynin,Oxybutynin,resolved_by_frequency_matrix,Exact row match after SE-column alignment
442,287,DB01067,glipizide,Glipizide,resolved_by_frequency_matrix,Exact row match after SE-column alignment
443,688,DB01068,clonazepam,Clonazepam,resolved_by_frequency_matrix,Exact row match after SE-column alignment
444,524,DB01072,atazanavir,Atazanavir,resolved_by_frequency_matrix,Exact row match after SE-column alignment
445,657,DB01073,fludarabine,Fludarabine,resolved_by_frequency_matrix,Exact row match after SE-column alignment
446,6,DB01076,atorvastatin,Atorvastatin,resolved_by_frequency_matrix,Exact row match after SE-column alignment
447,487,DB01079,tegaserod,Tegaserod,resolved_by_frequency_matrix,Exact row match after SE-column alignment
448,243,DB01080,vigabatrin,Vigabatrin,resolved_by_frequency_matrix,Exact row match after SE-column alignment
449,272,DB01082,streptomycin,Streptomycin,resolved_by_frequency_matrix,Exact row match after SE-column alignment
450,729,DB01083,orlistat,Orlistat,resolved_by_frequency_matrix,Exact row match after SE-column alignment
451,329,DB01085,pilocarpine,Pilocarpine,resolved_by_frequency_matrix,Exact row match after SE-column alignment
452,63,DB01088,iloprost,Iloprost,resolved_by_frequency_matrix,Exact row match after SE-column alignment
453,363,DB01095,fluvastatin,Fluvastatin,resolved_by_frequency_matrix,Exact row match after SE-column alignment
454,599,DB01097,leflunomide,Leflunomide,resolved_by_frequency_matrix,Exact row match after SE-column alignment
455,362,DB01098,rosuvastatin,Rosuvastatin,resolved_by_frequency_matrix,Exact row match after SE-column alignment
456,209,DB01100,pimozide,Pimozide,resolved_by_frequency_matrix,Exact row match after SE-column alignment
457,554,DB01101,capecitabine,Capecitabine,resolved_by_frequency_matrix,Exact row match after SE-column alignment
458,673,DB01104,sertraline,Sertraline,resolved_by_frequency_matrix,Exact row match after SE-column alignment
459,455,DB01109,heparin,Heparin,resolved_by_frequency_matrix,Exact row match after SE-column alignment
460,241,DB01110,miconazole,Miconazole,resolved_by_frequency_matrix,Exact row match after SE-column alignment
461,624,DB01115,nifedipine,Nifedipine,resolved_by_frequency_matrix,Exact row match after SE-column alignment
462,539,DB01117,atovaquone,Atovaquone,resolved_by_frequency_matrix,Exact row match after SE-column alignment
463,693,DB01118,amiodarone,Amiodarone,resolved_by_frequency_matrix,Exact row match after SE-column alignment
464,150,DB01120,gliclazide,Gliclazide,resolved_by_frequency_matrix,Exact row match after SE-column alignment
465,405,DB01128,bicalutamide,Bicalutamide,resolved_by_frequency_matrix,Exact row match after SE-column alignment
466,494,DB01129,rabeprazole,Rabeprazole,resolved_by_frequency_matrix,Exact row match after SE-column alignment
467,65,DB01132,pioglitazone,Pioglitazone,resolved_by_frequency_matrix,Exact row match after SE-column alignment
468,495,DB01136,carvedilol,Carvedilol,resolved_by_frequency_matrix,Exact row match after SE-column alignment
469,685,DB01137,levofloxacin,Levofloxacin,resolved_by_frequency_matrix,Exact row match after SE-column alignment
470,340,DB01141,micafungin,Micafungin,resolved_by_frequency_matrix,Exact row match after SE-column alignment
471,637,DB01142,doxepin,Doxepin,resolved_by_frequency_matrix,Exact row match after SE-column alignment
472,499,DB01149,nefazodone,Nefazodone,resolved_by_frequency_matrix,Exact row match after SE-column alignment
473,528,DB01150,cefprozil,Cefprozil,resolved_by_frequency_matrix,Exact row match after SE-column alignment
474,199,DB01155,gemifloxacin,Gemifloxacin,resolved_by_frequency_matrix,Exact row match after SE-column alignment
475,588,DB01156,bupropion,Bupropion,resolved_by_frequency_matrix,Exact row match after SE-column alignment
476,410,DB01157,trimetrexate,Trimetrexate,resolved_by_frequency_matrix,Exact row match after SE-column alignment
477,640,DB01162,terazosin,Terazosin,resolved_by_frequency_matrix,Exact row match after SE-column alignment
478,571,DB01165,ofloxacin,Ofloxacin,resolved_by_frequency_matrix,Exact row match after SE-column alignment
479,447,DB01166,cilostazol,Cilostazol,resolved_by_frequency_matrix,Exact row match after SE-column alignment
480,707,DB01167,itraconazole,Itraconazole,resolved_by_frequency_matrix,Exact row match after SE-column alignment
481,110,DB01169,arsenic trioxide,Arsenic trioxide,resolved_by_frequency_matrix,Exact row match after SE-column alignment
482,397,DB01175,escitalopram,Escitalopram,resolved_by_frequency_matrix,Exact row match after SE-column alignment
483,358,DB01177,idarubicin,Idarubicin,resolved_by_frequency_matrix,Exact row match after SE-column alignment
484,730,DB01179,podophyllotoxin,Podofilox,resolved_by_frequency_matrix,Exact row match after SE-column alignment
485,330,DB01180,rescinnamine,Rescinnamine,resolved_by_frequency_matrix,Exact row match after SE-column alignment
486,66,DB01181,ifosfamide,Ifosfamide,resolved_by_frequency_matrix,Exact row match after SE-column alignment
487,502,DB01182,propafenone,Propafenone,resolved_by_frequency_matrix,Exact row match after SE-column alignment
488,239,DB01186,pergolide,Pergolide,resolved_by_frequency_matrix,Exact row match after SE-column alignment
489,515,DB01188,ciclopirox,Ciclopirox,resolved_by_frequency_matrix,Exact row match after SE-column alignment
490,625,DB01189,desflurane,Desflurane,resolved_by_frequency_matrix,Exact row match after SE-column alignment
491,641,DB01190,clindamycin,Clindamycin,resolved_by_frequency_matrix,Exact row match after SE-column alignment
492,116,DB01193,acebutolol,Acebutolol,resolved_by_frequency_matrix,Exact row match after SE-column alignment
493,353,DB01194,brinzolamide,Brinzolamide,resolved_by_frequency_matrix,Exact row match after SE-column alignment
494,80,DB01195,flecainide,Flecainide,resolved_by_frequency_matrix,Exact row match after SE-column alignment
495,414,DB01196,estramustine,Estramustine,resolved_by_frequency_matrix,Exact row match after SE-column alignment
496,135,DB01200,bromocriptine,Bromocriptine,resolved_by_frequency_matrix,Exact row match after SE-column alignment
497,8,DB01202,levetiracetam,Levetiracetam,resolved_by_frequency_matrix,Exact row match after SE-column alignment
498,190,DB01203,nadolol,Nadolol,resolved_by_frequency_matrix,Exact row match after SE-column alignment
499,587,DB01204,mitoxantrone,Mitoxantrone,resolved_by_frequency_matrix,Exact row match after SE-column alignment
500,111,DB01208,sparfloxacin,Sparfloxacin,resolved_by_frequency_matrix,Exact row match after SE-column alignment
501,275,DB01211,clarithromycin,Clarithromycin,resolved_by_frequency_matrix,Exact row match after SE-column alignment
502,383,DB01212,ceftriaxone,Ceftriaxone,resolved_by_frequency_matrix,Exact row match after SE-column alignment
503,341,DB01215,estazolam,Estazolam,resolved_by_frequency_matrix,Exact row match after SE-column alignment
504,448,DB01216,finasteride,Finasteride,resolved_by_frequency_matrix,Exact row match after SE-column alignment
505,152,DB01217,anastrozole,Anastrozole,resolved_by_frequency_matrix,Exact row match after SE-column alignment
506,345,DB01218,halofantrine,Halofantrine,resolved_by_frequency_matrix,Exact row match after SE-column alignment
507,647,DB01219,dantrolene,Dantrolene,resolved_by_frequency_matrix,Exact row match after SE-column alignment
508,78,DB01220,rifaximin,Rifaximin,resolved_by_frequency_matrix,Exact row match after SE-column alignment
509,529,DB01222,budesonide,Budesonide,resolved_by_frequency_matrix,Exact row match after SE-column alignment
510,13,DB01223,aminophylline,Aminophylline,resolved_by_frequency_matrix,Exact row match after SE-column alignment
511,380,DB01224,quetiapine,Quetiapine,resolved_by_frequency_matrix,Exact row match after SE-column alignment
512,604,DB01229,paclitaxel,Paclitaxel,resolved_by_frequency_matrix,Exact row match after SE-column alignment
513,93,DB01232,saquinavir,Saquinavir,resolved_by_frequency_matrix,Exact row match after SE-column alignment
514,409,DB01234,dexamethasone,Dexamethasone,resolved_by_frequency_matrix,Exact row match after SE-column alignment
515,727,DB01235,levodopa,Levodopa,resolved_by_frequency_matrix,Exact row match after SE-column alignment
516,103,DB01238,aripiprazole,Aripiprazole,resolved_by_frequency_matrix,Exact row match after SE-column alignment
517,702,DB01240,epoprostenol,Epoprostenol,resolved_by_frequency_matrix,Exact row match after SE-column alignment
518,343,DB01241,gemfibrozil,Gemfibrozil,resolved_by_frequency_matrix,Exact row match after SE-column alignment
519,690,DB01242,clomipramine,Clomipramine,resolved_by_frequency_matrix,Exact row match after SE-column alignment
520,558,DB01244,bepridil,Bepridil,resolved_by_frequency_matrix,Exact row match after SE-column alignment
521,321,DB01248,docetaxel,Docetaxel,resolved_by_frequency_matrix,Exact row match after SE-column alignment
522,498,DB01249,iodixanol,Iodixanol,resolved_by_frequency_matrix,Exact row match after SE-column alignment
523,546,DB01250,olsalazine,Olsalazine,resolved_by_frequency_matrix,Exact row match after SE-column alignment
524,37,DB01254,dasatinib,Dasatinib,resolved_by_frequency_matrix,Exact row match after SE-column alignment
525,187,DB01255,lisdexamfetamine,Lisdexamfetamine,resolved_by_frequency_matrix,Exact row match after SE-column alignment
526,246,DB01259,lapatinib,Lapatinib,resolved_by_frequency_matrix,Exact row match after SE-column alignment
527,416,DB01260,desonide,Desonide,resolved_by_frequency_matrix,Exact row match after SE-column alignment
528,316,DB01261,sitagliptin,Sitagliptin,resolved_by_frequency_matrix,Exact row match after SE-column alignment
529,34,DB01262,decitabine,Decitabine,resolved_by_frequency_matrix,Exact row match after SE-column alignment
530,326,DB01263,posaconazole,Posaconazole,resolved_by_frequency_matrix,Exact row match after SE-column alignment
531,594,DB01264,darunavir,Darunavir,resolved_by_frequency_matrix,Exact row match after SE-column alignment
532,651,DB01265,telbivudine,Telbivudine,resolved_by_frequency_matrix,Exact row match after SE-column alignment
533,645,DB01267,paliperidone,Paliperidone,resolved_by_frequency_matrix,Exact row match after SE-column alignment
534,215,DB01268,sunitinib,Sunitinib,resolved_by_frequency_matrix,Exact row match after SE-column alignment
535,601,DB01273,varenicline,Varenicline,resolved_by_frequency_matrix,Exact row match after SE-column alignment
536,610,DB01275,hydralazine,Hydralazine,resolved_by_frequency_matrix,Exact row match after SE-column alignment
537,75,DB01276,exenatide,Exenatide,resolved_by_frequency_matrix,Exact row match after SE-column alignment
538,155,DB01280,nelarabine,Nelarabine,resolved_by_frequency_matrix,Exact row match after SE-column alignment
539,121,DB01285,corticotropin,Corticotropin,resolved_by_frequency_matrix,Exact row match after SE-column alignment
540,516,DB01291,pirbuterol,Pirbuterol,resolved_by_frequency_matrix,Exact row match after SE-column alignment
541,202,DB01306,insulin aspart,Insulin aspart,resolved_by_frequency_matrix,Exact row match after SE-column alignment
542,301,DB01307,insulin detemir,Insulin detemir,resolved_by_frequency_matrix,Exact row match after SE-column alignment
543,194,DB01319,fosamprenavir,Fosamprenavir,resolved_by_frequency_matrix,Exact row match after SE-column alignment
544,379,DB01320,fosphenytoin,Fosphenytoin,resolved_by_auxiliary_features,DrugBank targets + MSSF drug_target: row 544 has one target; fosphenytoin has one target
545,322,DB01340,cilazapril,Cilazapril,resolved_by_frequency_matrix,Exact row match after SE-column alignment
546,440,DB01359,penbutolol,Penbutolol,resolved_by_frequency_matrix,Exact row match after SE-column alignment
547,562,DB01362,iohexol,Iohexol,resolved_by_frequency_matrix,Exact row match after SE-column alignment
548,736,DB01367,rasagiline,Rasagiline,resolved_by_frequency_matrix,Exact row match after SE-column alignment
549,278,DB01390,sodium bicarbonate,Sodium bicarbonate,resolved_by_auxiliary_features,MSSF fingerprint/text neighbors are less phosphate-like; paired complement to sodium phosphate
550,257,DB01393,bezafibrate,Bezafibrate,resolved_by_frequency_matrix,Exact row match after SE-column alignment
551,144,DB01394,colchicine,Colchicine,resolved_by_frequency_matrix,Exact row match after SE-column alignment
552,233,DB01406,danazol,Danazol,resolved_by_frequency_matrix,Exact row match after SE-column alignment
553,52,DB01409,tiotropium bromide,Tiotropium,resolved_by_frequency_matrix,Exact row match after SE-column alignment
554,390,DB01410,ciclesonide,Ciclesonide,resolved_by_frequency_matrix,Exact row match after SE-column alignment
555,384,DB01413,cefepime,Cefepime,resolved_by_frequency_matrix,Exact row match after SE-column alignment
556,134,DB01432,colestyramine,Cholestyramine,resolved_by_frequency_matrix,Exact row match after SE-column alignment
557,586,DB01544,flunitrazepam,Flunitrazepam,resolved_by_frequency_matrix,Exact row match after SE-column alignment
558,654,DB01551,dihydrocodeine,Dihydrocodeine,resolved_by_frequency_matrix,Exact row match after SE-column alignment
559,12,DB01558,bromazepam,Bromazepam,resolved_by_frequency_matrix,Exact row match after SE-column alignment
560,533,DB01586,ursodeoxycholic acid,Ursodeoxycholic acid,resolved_by_frequency_matrix,Exact row match after SE-column alignment
561,167,DB01589,quazepam,Quazepam,resolved_by_frequency_matrix,Exact row match after SE-column alignment
562,67,DB01590,everolimus,Everolimus,resolved_by_frequency_matrix,Exact row match after SE-column alignment
563,97,DB01591,solifenacin,Solifenacin,resolved_by_frequency_matrix,Exact row match after SE-column alignment
564,175,DB01600,tiaprofenic acid,Tiaprofenic acid,resolved_by_frequency_matrix,Exact row match after SE-column alignment
565,629,DB01609,deferasirox,Deferasirox,resolved_by_frequency_matrix,Exact row match after SE-column alignment
566,333,DB01610,valganciclovir,Valganciclovir,resolved_by_frequency_matrix,Exact row match after SE-column alignment
567,711,DB01656,roflumilast,Roflumilast,resolved_by_frequency_matrix,Exact row match after SE-column alignment
568,686,DB02703,fusidic acid,Fusidic acid,resolved_by_frequency_matrix,Exact row match after SE-column alignment
569,437,DB04106,fotemustine,Fotemustine,resolved_by_frequency_matrix,Exact row match after SE-column alignment
570,28,DB04572,thiotepa,Thiotepa,resolved_by_frequency_matrix,Exact row match after SE-column alignment
571,662,DB04835,maraviroc,Maraviroc,resolved_by_frequency_matrix,Exact row match after SE-column alignment
572,372,DB04839,cyproterone,Cyproterone acetate,resolved_by_frequency_matrix,Exact row match after SE-column alignment
573,718,DB04844,tetrabenazine,Tetrabenazine,resolved_by_frequency_matrix,Exact row match after SE-column alignment
574,703,DB04845,ixabepilone,Ixabepilone,resolved_by_frequency_matrix,Exact row match after SE-column alignment
575,438,DB04854,febuxostat,Febuxostat,resolved_by_frequency_matrix,Exact row match after SE-column alignment
576,35,DB04855,dronedarone,Dronedarone,resolved_by_frequency_matrix,Exact row match after SE-column alignment
577,388,DB04861,nebivolol,Nebivolol,resolved_by_frequency_matrix,Exact row match after SE-column alignment
578,252,DB04868,nilotinib,Nilotinib,resolved_by_frequency_matrix,Exact row match after SE-column alignment
579,139,DB04871,lorcaserin,Lorcaserin,resolved_by_frequency_matrix,Exact row match after SE-column alignment
580,394,DB04876,vildagliptin,Vildagliptin,resolved_by_frequency_matrix,Exact row match after SE-column alignment
581,136,DB04896,milnacipran,Milnacipran,resolved_by_frequency_matrix,Exact row match after SE-column alignment
582,522,DB04899,nesiritide,Nesiritide,resolved_by_frequency_matrix,Exact row match after SE-column alignment
583,115,DB04911,oritavancin,Oritavancin,resolved_by_frequency_matrix,Exact row match after SE-column alignment
584,659,DB04920,clevidipine,Clevidipine,resolved_by_frequency_matrix,Exact row match after SE-column alignment
585,488,DB04938,ospemifene,Ospemifene,resolved_by_frequency_matrix,Exact row match after SE-column alignment
586,286,DB04946,iloperidone,Iloperidone,resolved_by_frequency_matrix,Exact row match after SE-column alignment
587,7,DB04953,retigabine,Ezogabine,resolved_by_frequency_matrix,Exact row match after SE-column alignment
588,670,DB05013,ingenol mebutate,Ingenol mebutate,resolved_by_frequency_matrix,Exact row match after SE-column alignment
589,441,DB05015,belinostat,Belinostat,resolved_by_frequency_matrix,Exact row match after SE-column alignment
590,296,DB05039,indacaterol,Indacaterol,resolved_by_frequency_matrix,Exact row match after SE-column alignment
591,699,DB05109,trabectedin,Trabectedin,resolved_by_frequency_matrix,Exact row match after SE-column alignment
592,204,DB05259,glatiramer acetate,Glatiramer,resolved_by_frequency_matrix,Exact row match after SE-column alignment
593,313,DB05271,rotigotine,Rotigotine,resolved_by_frequency_matrix,Exact row match after SE-column alignment
594,550,DB05273,samarium (153Sm) lexidronam,Samarium (153Sm) lexidronam,resolved_by_frequency_matrix,Exact row match after SE-column alignment
595,626,DB05294,vandetanib,Vandetanib,resolved_by_frequency_matrix,Exact row match after SE-column alignment
596,424,DB05311,ecallantide,Ecallantide,resolved_by_frequency_matrix,Exact row match after SE-column alignment
597,564,DB05332,romiplostim,Romiplostim,resolved_by_frequency_matrix,Exact row match after SE-column alignment
598,544,DB05351,dexlansoprazole,Dexlansoprazole,resolved_by_frequency_matrix,Exact row match after SE-column alignment
599,102,DB05521,telaprevir,Telaprevir,resolved_by_frequency_matrix,Exact row match after SE-column alignment
600,598,DB05528,mipomersen,Mipomersen,resolved_by_frequency_matrix,Exact row match after SE-column alignment
601,348,DB05676,apremilast,Apremilast,resolved_by_frequency_matrix,Exact row match after SE-column alignment
602,225,DB05679,ustekinumab,Ustekinumab,resolved_by_frequency_matrix,Exact row match after SE-column alignment
603,631,DB05812,abiraterone,Abiraterone,resolved_by_frequency_matrix,Exact row match after SE-column alignment
604,242,DB06148,mianserin,Mianserin,resolved_by_frequency_matrix,Exact row match after SE-column alignment
605,100,DB06151,acetylcysteine,Acetylcysteine,resolved_by_frequency_matrix,Exact row match after SE-column alignment
606,189,DB06176,romidepsin,Romidepsin,resolved_by_frequency_matrix,Exact row match after SE-column alignment
607,754,DB06201,rufinamide,Rufinamide,resolved_by_frequency_matrix,Exact row match after SE-column alignment
608,402,DB06202,lasofoxifene,Lasofoxifene,resolved_by_frequency_matrix,Exact row match after SE-column alignment
609,295,DB06204,tapentadol,Tapentadol,resolved_by_frequency_matrix,Exact row match after SE-column alignment
610,392,DB06207,silodosin,Silodosin,resolved_by_frequency_matrix,Exact row match after SE-column alignment
611,460,DB06209,prasugrel,Prasugrel,resolved_by_frequency_matrix,Exact row match after SE-column alignment
612,470,DB06210,eltrombopag,Eltrombopag,resolved_by_frequency_matrix,Exact row match after SE-column alignment
613,373,DB06211,doripenem,Doripenem,resolved_by_frequency_matrix,Exact row match after SE-column alignment
614,69,DB06212,tolvaptan,Tolvaptan,resolved_by_frequency_matrix,Exact row match after SE-column alignment
615,452,DB06213,regadenoson,Regadenoson,resolved_by_frequency_matrix,Exact row match after SE-column alignment
616,216,DB06216,asenapine,Asenapine,resolved_by_frequency_matrix,Exact row match after SE-column alignment
617,53,DB06217,vernakalant,Vernakalant,resolved_by_frequency_matrix,Exact row match after SE-column alignment
618,292,DB06218,lacosamide,Lacosamide,resolved_by_frequency_matrix,Exact row match after SE-column alignment
619,643,DB06219,dalbavancin,Dalbavancin,resolved_by_frequency_matrix,Exact row match after SE-column alignment
620,697,DB06228,rivaroxaban,Rivaroxaban,resolved_by_frequency_matrix,Exact row match after SE-column alignment
621,58,DB06230,nalmefene,Nalmefene,resolved_by_frequency_matrix,Exact row match after SE-column alignment
622,112,DB06237,avanafil,Avanafil,resolved_by_frequency_matrix,Exact row match after SE-column alignment
623,300,DB06243,eflornithine,Eflornithine,resolved_by_frequency_matrix,Exact row match after SE-column alignment
624,258,DB06262,droxidopa,Droxidopa,resolved_by_frequency_matrix,Exact row match after SE-column alignment
625,648,DB06268,sitaxentan,Sitaxentan,resolved_by_frequency_matrix,Exact row match after SE-column alignment
626,398,DB06283,ziconotide,Ziconotide,resolved_by_frequency_matrix,Exact row match after SE-column alignment
627,457,DB06285,teriparatide,Teriparatide,resolved_by_frequency_matrix,Exact row match after SE-column alignment
628,520,DB06287,temsirolimus,Temsirolimus,resolved_by_frequency_matrix,Exact row match after SE-column alignment
629,223,DB06288,amisulpride,Amisulpride,resolved_by_frequency_matrix,Exact row match after SE-column alignment
630,2,DB06290,simeprevir,Simeprevir,resolved_by_frequency_matrix,Exact row match after SE-column alignment
631,490,DB06292,dapagliflozin,Dapagliflozin,resolved_by_frequency_matrix,Exact row match after SE-column alignment
632,661,DB06401,bazedoxifene,Bazedoxifene,resolved_by_frequency_matrix,Exact row match after SE-column alignment
633,342,DB06403,ambrisentan,Ambrisentan,resolved_by_frequency_matrix,Exact row match after SE-column alignment
634,553,DB06410,doxercalciferol,Doxercalciferol,resolved_by_frequency_matrix,Exact row match after SE-column alignment
635,84,DB06413,armodafinil,Armodafinil,resolved_by_frequency_matrix,Exact row match after SE-column alignment
636,77,DB06414,etravirine,Etravirine,resolved_by_frequency_matrix,Exact row match after SE-column alignment
637,17,DB06480,prucalopride,Prucalopride,resolved_by_frequency_matrix,Exact row match after SE-column alignment
638,230,DB06589,pazopanib,Pazopanib,resolved_by_frequency_matrix,Exact row match after SE-column alignment
639,480,DB06590,ceftaroline fosamil,Ceftaroline fosamil,resolved_by_frequency_matrix,Exact row match after SE-column alignment
640,85,DB06594,agomelatine,Agomelatine,resolved_by_frequency_matrix,Exact row match after SE-column alignment
641,170,DB06605,apixaban,Apixaban,resolved_by_frequency_matrix,Exact row match after SE-column alignment
642,463,DB06616,bosutinib,Bosutinib,resolved_by_frequency_matrix,Exact row match after SE-column alignment
643,413,DB06626,axitinib,Axitinib,resolved_by_frequency_matrix,Exact row match after SE-column alignment
644,294,DB06637,fampridine,Dalfampridine,resolved_by_frequency_matrix,Exact row match after SE-column alignment
645,141,DB06650,ofatumumab,Ofatumumab,resolved_by_frequency_matrix,Exact row match after SE-column alignment
646,169,DB06655,liraglutide,Liraglutide,resolved_by_frequency_matrix,Exact row match after SE-column alignment
647,503,DB06663,pasireotide,Pasireotide,resolved_by_frequency_matrix,Exact row match after SE-column alignment
648,642,DB06684,vilazodone,Vilazodone,resolved_by_frequency_matrix,Exact row match after SE-column alignment
649,653,DB06695,dabigatran etexilate,Dabigatran etexilate,resolved_by_frequency_matrix,Exact row match after SE-column alignment
650,493,DB06698,betahistine,Betahistine,resolved_by_frequency_matrix,Exact row match after SE-column alignment
651,638,DB06699,degarelix,Degarelix,resolved_by_frequency_matrix,Exact row match after SE-column alignment
652,507,DB06700,desvenlafaxine,Desvenlafaxine,resolved_by_frequency_matrix,Exact row match after SE-column alignment
653,206,DB06701,dexmethylphenidate,Dexmethylphenidate,resolved_by_frequency_matrix,Exact row match after SE-column alignment
654,297,DB06702,fesoterodine,Fesoterodine,resolved_by_frequency_matrix,Exact row match after SE-column alignment
655,731,DB06703,gadobutrol,Gadobutrol,resolved_by_frequency_matrix,Exact row match after SE-column alignment
656,419,DB06711,naphazoline,Naphazoline,resolved_by_frequency_matrix,Exact row match after SE-column alignment
657,401,DB06719,buserelin,Buserelin,resolved_by_frequency_matrix,Exact row match after SE-column alignment
658,57,DB06756,betaine,Betaine,resolved_by_frequency_matrix,Exact row match after SE-column alignment
659,715,DB06769,bendamustine,Bendamustine,resolved_by_frequency_matrix,Exact row match after SE-column alignment
660,756,DB06772,cabazitaxel,Cabazitaxel,resolved_by_frequency_matrix,Exact row match after SE-column alignment
661,229,DB06774,capsaicin,Capsaicin,resolved_by_frequency_matrix,Exact row match after SE-column alignment
662,205,DB06779,dalteparin,Dalteparin,resolved_by_frequency_matrix,Exact row match after SE-column alignment
663,628,DB06785,ganirelix,Ganirelix,resolved_by_frequency_matrix,Exact row match after SE-column alignment
664,179,DB06788,histrelin,Histrelin,resolved_by_frequency_matrix,Exact row match after SE-column alignment
665,171,DB06791,lanreotide,Lanreotide,resolved_by_frequency_matrix,Exact row match after SE-column alignment
666,518,DB06792,lanthanum carbonate,Lanthanum carbonate,resolved_by_frequency_matrix,Exact row match after SE-column alignment
667,290,DB06794,lodoxamide,Lodoxamide,resolved_by_frequency_matrix,Exact row match after SE-column alignment
668,701,DB06800,methylnaltrexone bromide,Methylnaltrexone,resolved_by_frequency_matrix,Exact row match after SE-column alignment
669,421,DB06809,plerixafor,Plerixafor,resolved_by_frequency_matrix,Exact row match after SE-column alignment
670,687,DB06817,raltegravir,Raltegravir,resolved_by_frequency_matrix,Exact row match after SE-column alignment
671,195,DB06819,sodium phenylbutyrate,Phenylbutyric acid,resolved_by_frequency_matrix,Exact row match after SE-column alignment
672,261,DB06825,triptorelin,Triptorelin,resolved_by_frequency_matrix,Exact row match after SE-column alignment
673,412,DB08815,lurasidone,Lurasidone,resolved_by_frequency_matrix,Exact row match after SE-column alignment
674,675,DB08816,ticagrelor,Ticagrelor,resolved_by_frequency_matrix,Exact row match after SE-column alignment
675,755,DB08819,tafluprost,Tafluprost,resolved_by_frequency_matrix,Exact row match after SE-column alignment
676,159,DB08820,ivacaftor,Ivacaftor,resolved_by_frequency_matrix,Exact row match after SE-column alignment
677,104,DB08824,iodine ioflupane (123I),Ioflupane I 123,resolved_by_frequency_matrix,Exact row match after SE-column alignment
678,565,DB08828,vismodegib,Vismodegib,resolved_by_frequency_matrix,Exact row match after SE-column alignment
679,44,DB08864,rilpivirine,Rilpivirine,resolved_by_frequency_matrix,Exact row match after SE-column alignment
680,481,DB08865,crizotinib,Crizotinib,resolved_by_frequency_matrix,Exact row match after SE-column alignment
681,712,DB08867,ulipristal,Ulipristal,resolved_by_frequency_matrix,Exact row match after SE-column alignment
682,597,DB08868,fingolimod,Fingolimod,resolved_by_frequency_matrix,Exact row match after SE-column alignment
683,208,DB08869,tesamorelin,Tesamorelin,resolved_by_frequency_matrix,Exact row match after SE-column alignment
684,143,DB08871,eribulin,Eribulin,resolved_by_frequency_matrix,Exact row match after SE-column alignment
685,655,DB08873,boceprevir,Boceprevir,resolved_by_frequency_matrix,Exact row match after SE-column alignment
686,391,DB08874,fidaxomicin,Fidaxomicin,resolved_by_frequency_matrix,Exact row match after SE-column alignment
687,395,DB08875,cabozantinib,Cabozantinib,resolved_by_frequency_matrix,Exact row match after SE-column alignment
688,128,DB08877,ruxolitinib,Ruxolitinib,resolved_by_frequency_matrix,Exact row match after SE-column alignment
689,119,DB08880,teriflunomide,Teriflunomide,resolved_by_frequency_matrix,Exact row match after SE-column alignment
690,425,DB08881,vemurafenib,Vemurafenib,resolved_by_frequency_matrix,Exact row match after SE-column alignment
691,203,DB08882,linagliptin,Linagliptin,resolved_by_frequency_matrix,Exact row match after SE-column alignment
692,201,DB08883,perampanel,Perampanel,resolved_by_frequency_matrix,Exact row match after SE-column alignment
693,161,DB08889,carfilzomib,Carfilzomib,resolved_by_frequency_matrix,Exact row match after SE-column alignment
694,133,DB08893,mirabegron,Mirabegron,resolved_by_frequency_matrix,Exact row match after SE-column alignment
695,591,DB08895,tofacitinib,Tofacitinib,resolved_by_frequency_matrix,Exact row match after SE-column alignment
696,142,DB08896,regorafenib,Regorafenib,resolved_by_frequency_matrix,Exact row match after SE-column alignment
697,757,DB08897,aclidinium bromide,Aclidinium,resolved_by_frequency_matrix,Exact row match after SE-column alignment
698,668,DB08899,enzalutamide,Enzalutamide,resolved_by_frequency_matrix,Exact row match after SE-column alignment
699,415,DB08900,teduglutide,Teduglutide,resolved_by_frequency_matrix,Exact row match after SE-column alignment
700,593,DB08901,ponatinib,Ponatinib,resolved_by_frequency_matrix,Exact row match after SE-column alignment
701,473,DB08903,bedaquiline,Bedaquiline,resolved_by_frequency_matrix,Exact row match after SE-column alignment
702,469,DB08906,fluticasone furoate,Fluticasone furoate,resolved_by_frequency_matrix,Exact row match after SE-column alignment
703,162,DB08907,canagliflozin,Canagliflozin,resolved_by_frequency_matrix,Exact row match after SE-column alignment
704,214,DB08909,glycerol phenylbutyrate,Glycerol phenylbutyrate,resolved_by_frequency_matrix,Exact row match after SE-column alignment
705,117,DB08910,pomalidomide,Pomalidomide,resolved_by_frequency_matrix,Exact row match after SE-column alignment
706,716,DB08911,trametinib,Trametinib,resolved_by_frequency_matrix,Exact row match after SE-column alignment
707,678,DB08912,dabrafenib,Dabrafenib,resolved_by_frequency_matrix,Exact row match after SE-column alignment
708,400,DB08913,radium (223Ra) dichloride,Radium Ra 223 Dichloride,resolved_by_frequency_matrix,Exact row match after SE-column alignment
709,56,DB08916,afatinib,Afatinib,resolved_by_frequency_matrix,Exact row match after SE-column alignment
710,76,DB08930,dolutegravir,Dolutegravir,resolved_by_frequency_matrix,Exact row match after SE-column alignment
711,600,DB08931,riociguat,Riociguat,resolved_by_frequency_matrix,Exact row match after SE-column alignment
712,337,DB08932,macitentan,Macitentan,resolved_by_frequency_matrix,Exact row match after SE-column alignment
713,131,DB08934,sofosbuvir,Sofosbuvir,resolved_by_frequency_matrix,Exact row match after SE-column alignment
714,324,DB08947,iopamidol,Iopamidol,resolved_by_frequency_matrix,Exact row match after SE-column alignment
715,572,DB09026,aliskiren,Aliskiren,resolved_by_frequency_matrix,Exact row match after SE-column alignment
716,90,DB09030,vorapaxar,Vorapaxar,resolved_by_frequency_matrix,Exact row match after SE-column alignment
717,407,DB09034,suvorexant,Suvorexant,resolved_by_frequency_matrix,Exact row match after SE-column alignment
718,623,DB09038,empagliflozin,Empagliflozin,resolved_by_frequency_matrix,Exact row match after SE-column alignment
719,114,DB09039,eliglustat,Eliglustat,resolved_by_frequency_matrix,Exact row match after SE-column alignment
720,603,DB09053,ibrutinib,Ibrutinib,resolved_by_frequency_matrix,Exact row match after SE-column alignment
721,307,DB09065,cobicistat,Cobicistat,resolved_by_frequency_matrix,Exact row match after SE-column alignment
722,632,DB09068,vortioxetine,Vortioxetine,resolved_by_frequency_matrix,Exact row match after SE-column alignment
723,748,DB09071,tasimelteon,Tasimelteon,resolved_by_frequency_matrix,Exact row match after SE-column alignment
724,15,DB09072,sodium oxybate,Sodium oxybate,resolved_by_frequency_matrix,Exact row match after SE-column alignment
725,382,DB09076,umeclidinium bromide,Umeclidinium,resolved_by_frequency_matrix,Exact row match after SE-column alignment
726,302,DB09080,olodaterol,Olodaterol,resolved_by_frequency_matrix,Exact row match after SE-column alignment
727,578,DB09090,pinaverium,Pinaverium,resolved_by_frequency_matrix,Exact row match after SE-column alignment
728,36,DB09096,benzoyl peroxide,Benzoyl peroxide,resolved_by_frequency_matrix,Exact row match after SE-column alignment
729,70,DB09101,elvitegravir,Elvitegravir,resolved_by_frequency_matrix,Exact row match after SE-column alignment
730,580,DB09110,mesna,Coenzyme M,resolved_by_frequency_matrix,Exact row match after SE-column alignment
731,399,DB09146,saccharated iron oxide,Iron sucrose,resolved_by_frequency_matrix,Exact row match after SE-column alignment
732,191,DB09149,florbetapir (18F),Florbetapir F-18,resolved_by_frequency_matrix,Exact row match after SE-column alignment
733,418,DB09151,flutemetamol (18F),Flutemetamol (18F),resolved_by_frequency_matrix,Exact row match after SE-column alignment
734,561,DB09156,iopromide,Iopromide,resolved_by_frequency_matrix,Exact row match after SE-column alignment
735,695,DB09160,technetium (99mTc) tetrofosmin,Technetium Tc-99m tetrofosmin,resolved_by_frequency_matrix,Exact row match after SE-column alignment
736,552,DB09163,technetium (99mTc) exametazime,Technetium Tc-99m exametazime,resolved_by_frequency_matrix,Exact row match after SE-column alignment
737,129,DB09220,nicorandil,Nicorandil,resolved_by_frequency_matrix,Exact row match after SE-column alignment
738,545,DB09276,sodium aurothiomalate,Sodium aurothiomalate,resolved_by_frequency_matrix,Exact row match after SE-column alignment
739,240,,sodium phosphate,,resolved_by_auxiliary_features,MSSF fingerprint nearest neighbors include phosphate/phosphonate drugs such as foscarnet/fosfomycin/bisphosphonates
740,311,DB09487,iotrolan,Iotrolan,resolved_by_frequency_matrix,Exact row match after SE-column alignment
741,577,DB09532,secretin,Secretin human,resolved_by_frequency_matrix,Exact row match after SE-column alignment
742,178,DB11095,desirudin,Desirudin,resolved_by_frequency_matrix,Exact row match after SE-column alignment
743,672,DB11630,temoporfin,Temoporfin,resolved_by_frequency_matrix,Exact row match after SE-column alignment
744,148,,colestilan,,resolved_by_frequency_matrix,Exact row match after SE-column alignment
745,581,DB11699,tropisetron,Tropisetron,resolved_by_frequency_matrix,Exact row match after SE-column alignment
746,48,DB11750,clobetasol,Clobetasol,resolved_by_frequency_matrix,Exact row match after SE-column alignment
747,733,DB13158,clobetasone,Clobetasone,resolved_by_frequency_matrix,Exact row match after SE-column alignment
748,482,DB13295,atracurium,Atracurium,resolved_by_frequency_matrix,Exact row match after SE-column alignment
749,315,DB13615,mifamurtide,Mifamurtide,resolved_by_frequency_matrix,Exact row match after SE-column alignment
750,512,DB13867,fluticasone,Fluticasone,resolved_by_frequency_matrix,Exact row match after SE-column alignment
751,377,DB13919,candesartan,Candesartan,resolved_by_frequency_matrix,Exact row match after SE-column alignment
752,677,DB00764,mometasone,Mometasone,resolved_by_frequency_matrix,Exact row match after SE-column alignment
753,559,DB14569,tedizolid,Tedizolid,resolved_by_frequency_matrix,Exact row match after SE-column alignment
754,165,DB14570,hydroxyprogesterone,Hydroxyprogesterone,resolved_by_frequency_matrix,Exact row match after SE-column alignment
755,406,DB14575,eslicarbazepine,Eslicarbazepine,resolved_by_frequency_matrix,Exact row match after SE-column alignment
756,288,DB14733,ceftobiprole medocaril,Ceftobiprole medocaril,resolved_by_frequency_matrix,Exact row match after SE-column alignment
